N	product.who.a02bd08.pylera.0	product	atc.A02BD08	Pylera	WHO 2026 combination/product reference for ATC A02BD08	{"atc":"A02BD08","brand":"Pylera","dosageForm":"caps","ingredients":"bismuth subcitrate 0.14 g/tetracycline 0.125 g/metronidazole 0.125 g","ddd":"12 UD (=12 caps)"}	GLOBAL	2026.10
A	alias.product.0	product.who.a02bd08.pylera.0	Pylera	BRAND	ev.who.atc.combinations	GLOBAL	2026.10
N	product.who.a03ax58.meteospasmyl.1	product	atc.A03AX58	Meteospasmyl	WHO 2026 combination/product reference for ATC A03AX58	{"atc":"A03AX58","brand":"Meteospasmyl","dosageForm":"caps","ingredients":"alverine 60 mg/simethicone 0.3 g","ddd":"2 UD (=2 caps)"}	GLOBAL	2026.10
A	alias.product.1	product.who.a03ax58.meteospasmyl.1	Meteospasmyl	BRAND	ev.who.atc.combinations	GLOBAL	2026.10
N	product.who.a04aa55.akynzeo.2	product	atc.A04AA55	Akynzeo	WHO 2026 combination/product reference for ATC A04AA55	{"atc":"A04AA55","brand":"Akynzeo","dosageForm":"caps","ingredients":"palonosetron 0.5 mg/netupitant 300 mg","ddd":"1 UD (=1 caps)"}	GLOBAL	2026.10
A	alias.product.2	product.who.a04aa55.akynzeo.2	Akynzeo	BRAND	ev.who.atc.combinations	GLOBAL	2026.10
N	product.who.a06ab58.citrafleet.3	product	atc.A06AB58	Citrafleet	WHO 2026 combination/product reference for ATC A06AB58	{"atc":"A06AB58","brand":"Citrafleet","dosageForm":"powder, single dose sachets","ingredients":"sodium picosulfate 10 mg/magnesium oxide 3.5 g/citric acid, (anhydrous)10.97 g","ddd":"2 UD (=2 sachets)"}	GLOBAL	2026.10
A	alias.product.3	product.who.a06ab58.citrafleet.3	Citrafleet	BRAND	ev.who.atc.combinations	GLOBAL	2026.10
N	product.who.a06ab58.pico_salax.4	product	atc.A06AB58	Pico-salax	WHO 2026 combination/product reference for ATC A06AB58	{"atc":"A06AB58","brand":"Pico-salax","dosageForm":"powder, single dose sachets","ingredients":"sodium picosulfate 5 mg/magnesium oxide 3.5 g","ddd":"2 UD (=2 sachets)"}	GLOBAL	2026.10
A	alias.product.4	product.who.a06ab58.pico_salax.4	Pico-salax	BRAND	ev.who.atc.combinations	GLOBAL	2026.10
N	product.who.a06ad61.milaxulose.5	product	atc.A06AD61	Milaxulose	WHO 2026 combination/product reference for ATC A06AD61	{"atc":"A06AD61","brand":"Milaxulose","dosageForm":"oral paste","ingredients":"lactulose 0.35 g/liquid and soft paraffin 0.64 g","ddd":"2 UD (=10 ml)"}	GLOBAL	2026.10
A	alias.product.5	product.who.a06ad61.milaxulose.5	Milaxulose	BRAND	ev.who.atc.combinations	GLOBAL	2026.10
N	product.who.a06ad65.movicol.6	product	atc.A06AD65	Movicol	WHO 2026 combination/product reference for ATC A06AD65	{"atc":"A06AD65","brand":"Movicol","dosageForm":"powder, single dose sachets","ingredients":"macrogol 13.125 g/sodium bicarbonate 178.5 mg","ddd":"2 UD (=2 sachets)"}	GLOBAL	2026.10
A	alias.product.6	product.who.a06ad65.movicol.6	Movicol	BRAND	ev.who.atc.combinations	GLOBAL	2026.10
N	product.who.a06ad65.movicol_movicolon_liquid.7	product	atc.A06AD65	Movicol, Movicolon Liquid	WHO 2026 combination/product reference for ATC A06AD65	{"atc":"A06AD65","brand":"Movicol, Movicolon Liquid","dosageForm":"concentrate for oral solution","ingredients":"macrogol 13.125 g/ sodium bicarbonate 178.5 mg/ 25 ml","ddd":"10 UD (=50 ml)"}	GLOBAL	2026.10
A	alias.product.7	product.who.a06ad65.movicol_movicolon_liquid.7	Movicol, Movicolon Liquid	BRAND	ev.who.atc.combinations	GLOBAL	2026.10
N	product.who.a06ad65.movicol_junior_paediatric.8	product	atc.A06AD65	Movicol Junior/Paediatric	WHO 2026 combination/product reference for ATC A06AD65	{"atc":"A06AD65","brand":"Movicol Junior/Paediatric","dosageForm":"powder, single dose sachets","ingredients":"macrogol 6.563 g/sodium bicarbonate 89.3 mg","ddd":"4 UD (=4 sachets)"}	GLOBAL	2026.10
A	alias.product.8	product.who.a06ad65.movicol_junior_paediatric.8	Movicol Junior/Paediatric	BRAND	ev.who.atc.combinations	GLOBAL	2026.10
N	product.who.a07da53.imodium_plus.9	product	atc.A07DA53	Imodium plus	WHO 2026 combination/product reference for ATC A07DA53	{"atc":"A07DA53","brand":"Imodium plus","dosageForm":"chew.tab","ingredients":"loperamide 2 mg/simeticone 0.125 g","ddd":"4 UD (=4 tab)"}	GLOBAL	2026.10
A	alias.product.9	product.who.a07da53.imodium_plus.9	Imodium plus	BRAND	ev.who.atc.combinations	GLOBAL	2026.10
N	product.who.a07fa01.paraghurt.10	product	atc.A07FA01	Paraghurt	WHO 2026 combination/product reference for ATC A07FA01	{"atc":"A07FA01","brand":"Paraghurt","dosageForm":"tab","ingredients":"lactic acid producing organisms, min. 1 mill bacteria/tablet","ddd":"7 UD (=7 tab)"}	GLOBAL	2026.10
A	alias.product.10	product.who.a07fa01.paraghurt.10	Paraghurt	BRAND	ev.who.atc.combinations	GLOBAL	2026.10
N	product.who.a08aa51.qsiva.11	product	atc.A08AA51	Qsiva	WHO 2026 combination/product reference for ATC A08AA51	{"atc":"A08AA51","brand":"Qsiva","dosageForm":"caps","ingredients":"phentermine 3.75 mg/ topiramate 23 mg","ddd":"4 UD (=4 caps)"}	GLOBAL	2026.10
A	alias.product.11	product.who.a08aa51.qsiva.11	Qsiva	BRAND	ev.who.atc.combinations	GLOBAL	2026.10
N	product.who.a08aa51.qsiva.12	product	atc.A08AA51	Qsiva	WHO 2026 combination/product reference for ATC A08AA51	{"atc":"A08AA51","brand":"Qsiva","dosageForm":"caps","ingredients":"phentermine 7.5 mg/topiramate 46 mg","ddd":"2 UD (=2 caps)"}	GLOBAL	2026.10
A	alias.product.12	product.who.a08aa51.qsiva.12	Qsiva	BRAND	ev.who.atc.combinations	GLOBAL	2026.10
N	product.who.a08aa51.qsiva.13	product	atc.A08AA51	Qsiva	WHO 2026 combination/product reference for ATC A08AA51	{"atc":"A08AA51","brand":"Qsiva","dosageForm":"caps","ingredients":"phentermine 11.25 mg/topiramate 69 mg","ddd":"1 UD (=1 caps)"}	GLOBAL	2026.10
A	alias.product.13	product.who.a08aa51.qsiva.13	Qsiva	BRAND	ev.who.atc.combinations	GLOBAL	2026.10
N	product.who.a08aa51.qsiva.14	product	atc.A08AA51	Qsiva	WHO 2026 combination/product reference for ATC A08AA51	{"atc":"A08AA51","brand":"Qsiva","dosageForm":"caps","ingredients":"phentermine 15 mg/topiramate 92 mg","ddd":"1 UD (=1 caps)"}	GLOBAL	2026.10
A	alias.product.14	product.who.a08aa51.qsiva.14	Qsiva	BRAND	ev.who.atc.combinations	GLOBAL	2026.10
N	product.who.a08aa62.mysimba_contrave.15	product	atc.A08AA62	Mysimba, Contrave	WHO 2026 combination/product reference for ATC A08AA62	{"atc":"A08AA62","brand":"Mysimba, Contrave","dosageForm":"tab","ingredients":"bupropion 90 mg/naltrexone 8 mg","ddd":"4 UD (=4 tab)"}	GLOBAL	2026.10
A	alias.product.15	product.who.a08aa62.mysimba_contrave.15	Mysimba, Contrave	BRAND	ev.who.atc.combinations	GLOBAL	2026.10
N	product.who.a09aa02.combizym.16	product	atc.A09AA02	Combizym	WHO 2026 combination/product reference for ATC A09AA02	{"atc":"A09AA02","brand":"Combizym","dosageForm":"tab","ingredients":"multienzymes (lipase, protease etc.)","ddd":"4 UD (=4 tab)"}	GLOBAL	2026.10
A	alias.product.16	product.who.a09aa02.combizym.16	Combizym	BRAND	ev.who.atc.combinations	GLOBAL	2026.10
N	product.who.a09aa02.creon_10_000.17	product	atc.A09AA02	Creon 10 000	WHO 2026 combination/product reference for ATC A09AA02	{"atc":"A09AA02","brand":"Creon 10 000","dosageForm":"enterocaps","ingredients":"multienzymes (lipase, protease etc.)","ddd":"6 UD (=6 caps)"}	GLOBAL	2026.10
A	alias.product.17	product.who.a09aa02.creon_10_000.17	Creon 10 000	BRAND	ev.who.atc.combinations	GLOBAL	2026.10
N	product.who.a09aa02.creon_forte_25_000_35_000_40_000.18	product	atc.A09AA02	Creon forte 25 000, 35 000, 40 000	WHO 2026 combination/product reference for ATC A09AA02	{"atc":"A09AA02","brand":"Creon forte 25 000, 35 000, 40 000","dosageForm":"enterocaps","ingredients":"multienzymes (lipase, protease etc.)","ddd":"4 UD (=4 caps)"}	GLOBAL	2026.10
A	alias.product.18	product.who.a09aa02.creon_forte_25_000_35_000_40_000.18	Creon forte 25 000, 35 000, 40 000	BRAND	ev.who.atc.combinations	GLOBAL	2026.10
N	product.who.a09aa02.pancrease.19	product	atc.A09AA02	Pancrease	WHO 2026 combination/product reference for ATC A09AA02	{"atc":"A09AA02","brand":"Pancrease","dosageForm":"enterocaps","ingredients":"multienzymes (lipase, protease etc.)","ddd":"6 UD (=6 caps)"}	GLOBAL	2026.10
A	alias.product.19	product.who.a09aa02.pancrease.19	Pancrease	BRAND	ev.who.atc.combinations	GLOBAL	2026.10
N	product.who.a10bd.it_has_been_considered_most_appropriate_to_assign_fixed_ddds_based_on_the_averag.20	product	atc.A10BD	It has been considered most appropriate to assign fixed DDDs based on the average use of the different combinations without considering and comparing the strengths of the various components. One UD is the fixed DDD for products dosed as 1 tablet daily whereas two UD is the fixed DDD for products dosed as 2 tablets daily.	WHO 2026 combination/product reference for ATC A10BD	{"atc":"A10BD","brand":"It has been considered most appropriate to assign fixed DDDs based on the average use of the different combinations without considering and comparing the strengths of the various components. One UD is the fixed DDD for products dosed as 1 tablet daily whereas two UD is the fixed DDD for products dosed as 2 tablets daily.","dosageForm":"It has been considered most appropriate to assign fixed DDDs based on the average use of the different combinations without considering and comparing the strengths of the various components. One UD is the fixed DDD for products dosed as 1 tablet daily whereas two UD is the fixed DDD for products dosed as 2 tablets daily.","ingredients":"It has been considered most appropriate to assign fixed DDDs based on the average use of the different combinations without considering and comparing the strengths of the various components. One UD is the fixed DDD for products dosed as 1 tablet daily whereas two UD is the fixed DDD for products dosed as 2 tablets daily.","ddd":"It has been considered most appropriate to assign fixed DDDs based on the average use of the different combinations without considering and comparing the strengths of the various components. One UD is the fixed DDD for products dosed as 1 tablet daily whereas two UD is the fixed DDD for products dosed as 2 tablets daily."}	GLOBAL	2026.10
A	alias.product.20	product.who.a10bd.it_has_been_considered_most_appropriate_to_assign_fixed_ddds_based_on_the_averag.20	It has been considered most appropriate to assign fixed DDDs based on the average use of the different combinations without considering and comparing the strengths of the various components. One UD is the fixed DDD for products dosed as 1 tablet daily whereas two UD is the fixed DDD for products dosed as 2 tablets daily.	BRAND	ev.who.atc.combinations	GLOBAL	2026.10
N	product.who.a12ax.cacit_vitamine_d3.21	product	atc.A12AX	Cacit Vitamine D3	WHO 2026 combination/product reference for ATC A12AX	{"atc":"A12AX","brand":"Cacit Vitamine D3","dosageForm":"eff granules","ingredients":"Ca2+ 0.5 g/colecalciferol 440 IU","ddd":"2 UD (=2 sachets)"}	GLOBAL	2026.10
A	alias.product.21	product.who.a12ax.cacit_vitamine_d3.21	Cacit Vitamine D3	BRAND	ev.who.atc.combinations	GLOBAL	2026.10
N	product.who.a12ax.cacit_vitamine_d3.22	product	atc.A12AX	Cacit Vitamine D3	WHO 2026 combination/product reference for ATC A12AX	{"atc":"A12AX","brand":"Cacit Vitamine D3","dosageForm":"eff granules","ingredients":"Ca2+ 1 g/colecalciferol 880 IU","ddd":"1 UD (=1 sachet)"}	GLOBAL	2026.10
A	alias.product.22	product.who.a12ax.cacit_vitamine_d3.22	Cacit Vitamine D3	BRAND	ev.who.atc.combinations	GLOBAL	2026.10
N	product.who.a12ax.calcichew_d3_mite.23	product	atc.A12AX	Calcichew D3 mite	WHO 2026 combination/product reference for ATC A12AX	{"atc":"A12AX","brand":"Calcichew D3 mite","dosageForm":"tab","ingredients":"Ca2+ 0.5 g/colecalciferol 200 IU","ddd":"2 UD (=2 tab)"}	GLOBAL	2026.10
A	alias.product.23	product.who.a12ax.calcichew_d3_mite.23	Calcichew D3 mite	BRAND	ev.who.atc.combinations	GLOBAL	2026.10
N	product.who.a12ax.calcichew_d3.24	product	atc.A12AX	Calcichew D3	WHO 2026 combination/product reference for ATC A12AX	{"atc":"A12AX","brand":"Calcichew D3","dosageForm":"tab","ingredients":"Ca2+ 0.5 g/colecalciferol 400 IU","ddd":"2 UD (=2 tab)"}	GLOBAL	2026.10
A	alias.product.24	product.who.a12ax.calcichew_d3.24	Calcichew D3	BRAND	ev.who.atc.combinations	GLOBAL	2026.10
N	product.who.a12ax.calcichew_d3.25	product	atc.A12AX	Calcichew D3	WHO 2026 combination/product reference for ATC A12AX	{"atc":"A12AX","brand":"Calcichew D3","dosageForm":"tab","ingredients":"Ca2+ 1 g/colecalciferol 800 IU","ddd":"1 UD (=1 tab)"}	GLOBAL	2026.10
A	alias.product.25	product.who.a12ax.calcichew_d3.25	Calcichew D3	BRAND	ev.who.atc.combinations	GLOBAL	2026.10
N	product.who.a12ax.calcichew_d3_forte.26	product	atc.A12AX	Calcichew D3 forte	WHO 2026 combination/product reference for ATC A12AX	{"atc":"A12AX","brand":"Calcichew D3 forte","dosageForm":"tab","ingredients":"Ca2+ 0.5 g/colecalciferol 800 IU","ddd":"1 UD (=1 tab)"}	GLOBAL	2026.10
A	alias.product.26	product.who.a12ax.calcichew_d3_forte.26	Calcichew D3 forte	BRAND	ev.who.atc.combinations	GLOBAL	2026.10
N	product.who.a12ax.caltrate.27	product	atc.A12AX	Caltrate	WHO 2026 combination/product reference for ATC A12AX	{"atc":"A12AX","brand":"Caltrate","dosageForm":"tab","ingredients":"ca2+ 0.6 g/colecalciferol 400 IU (10 mcg)","ddd":"2 UD (=2 tab)"}	GLOBAL	2026.10
A	alias.product.27	product.who.a12ax.caltrate.27	Caltrate	BRAND	ev.who.atc.combinations	GLOBAL	2026.10
N	product.who.a12ba30.sibnayal.28	product	atc.A12BA30	Sibnayal	WHO 2026 combination/product reference for ATC A12BA30	{"atc":"A12BA30","brand":"Sibnayal","dosageForm":"prolonged-release granules, single dose sachets","ingredients":"potassium 8 mEq (potassium citrate 282 mg/potassium hydrogen carbonate 527 mg)","ddd":"9 UD (=9 sachets)"}	GLOBAL	2026.10
A	alias.product.28	product.who.a12ba30.sibnayal.28	Sibnayal	BRAND	ev.who.atc.combinations	GLOBAL	2026.10
N	product.who.a12ba30.sibnayal.29	product	atc.A12BA30	Sibnayal	WHO 2026 combination/product reference for ATC A12BA30	{"atc":"A12BA30","brand":"Sibnayal","dosageForm":"prolonged-release granules, single dose sachets","ingredients":"potassium 24 mEq (potassium citrate 847 mg/potassium hydrogen carbonate 1582 mg)","ddd":"3 UD (=3 sachets)"}	GLOBAL	2026.10
A	alias.product.29	product.who.a12ba30.sibnayal.29	Sibnayal	BRAND	ev.who.atc.combinations	GLOBAL	2026.10
N	product.who.b01ac30.asasantin_retard.30	product	atc.B01AC30	Asasantin Retard	WHO 2026 combination/product reference for ATC B01AC30	{"atc":"B01AC30","brand":"Asasantin Retard","dosageForm":"caps","ingredients":"dipyridamole 0.2 g/acetylsalicylic acid 25 mg","ddd":"2 UD (=2 tab)"}	GLOBAL	2026.10
A	alias.product.30	product.who.b01ac30.asasantin_retard.30	Asasantin Retard	BRAND	ev.who.atc.combinations	GLOBAL	2026.10
N	product.who.b01ac30.duoplavin.31	product	atc.B01AC30	DuoPlavin	WHO 2026 combination/product reference for ATC B01AC30	{"atc":"B01AC30","brand":"DuoPlavin","dosageForm":"tab","ingredients":"clopidogrel 75 mg/acetylsalicylic acid 75 mg","ddd":"1 UD (=1 tab)"}	GLOBAL	2026.10
A	alias.product.31	product.who.b01ac30.duoplavin.31	DuoPlavin	BRAND	ev.who.atc.combinations	GLOBAL	2026.10
N	product.who.b01ac30.duoplavin.32	product	atc.B01AC30	DuoPlavin	WHO 2026 combination/product reference for ATC B01AC30	{"atc":"B01AC30","brand":"DuoPlavin","dosageForm":"tab","ingredients":"clopidogrel 75 mg/acetylsalicylic acid 100 mg","ddd":"1 UD (=1 tab)"}	GLOBAL	2026.10
A	alias.product.32	product.who.b01ac30.duoplavin.32	DuoPlavin	BRAND	ev.who.atc.combinations	GLOBAL	2026.10
N	product.who.b01ac56.axanum.33	product	atc.B01AC56	Axanum	WHO 2026 combination/product reference for ATC B01AC56	{"atc":"B01AC56","brand":"Axanum","dosageForm":"caps","ingredients":"acetylsalicylic acid 81 mg/esomeprazole 20 mg","ddd":"2 UD (=2 tab)"}	GLOBAL	2026.10
A	alias.product.33	product.who.b01ac56.axanum.33	Axanum	BRAND	ev.who.atc.combinations	GLOBAL	2026.10
N	product.who.c02kx54.opsynvi_yuvanci.34	product	atc.C02KX54	Opsynvi/Yuvanci	WHO 2026 combination/product reference for ATC C02KX54	{"atc":"C02KX54","brand":"Opsynvi/Yuvanci","dosageForm":"tab","ingredients":"macitentan 10 mg/tadalafil 40 mg","ddd":"1 UD (=1 tab)"}	GLOBAL	2026.10
A	alias.product.34	product.who.c02kx54.opsynvi_yuvanci.34	Opsynvi/Yuvanci	BRAND	ev.who.atc.combinations	GLOBAL	2026.10
N	product.who.g03cc07.duavive_duavee.35	product	atc.G03CC07	Duavive/Duavee	WHO 2026 combination/product reference for ATC G03CC07	{"atc":"G03CC07","brand":"Duavive/Duavee","dosageForm":"tab","ingredients":"conjugated estrogens 0.45 mg/bazedoxifene 20 mg","ddd":"1 UD (=1 tab)"}	GLOBAL	2026.10
A	alias.product.35	product.who.g03cc07.duavive_duavee.35	Duavive/Duavee	BRAND	ev.who.atc.combinations	GLOBAL	2026.10
N	product.who.g03ga30.pergoveris.36	product	atc.G03GA30	Pergoveris	WHO 2026 combination/product reference for ATC G03GA30	{"atc":"G03GA30","brand":"Pergoveris","dosageForm":"inj","ingredients":"follitropin alfa 150 IU /lutropin alfa 75 IU","ddd":"1 UD (= 1 dose)"}	GLOBAL	2026.10
A	alias.product.36	product.who.g03ga30.pergoveris.36	Pergoveris	BRAND	ev.who.atc.combinations	GLOBAL	2026.10
N	product.who.g03hb01.diane.37	product	atc.G03HB01	Diane	WHO 2026 combination/product reference for ATC G03HB01	{"atc":"G03HB01","brand":"Diane","dosageForm":"tab","ingredients":"cyproterone 2 mg/ethinylestradiol 35 mcg","ddd":"0.75 UD (=0.75 tab)"}	GLOBAL	2026.10
A	alias.product.37	product.who.g03hb01.diane.37	Diane	BRAND	ev.who.atc.combinations	GLOBAL	2026.10
N	product.who.g04be30.androskat.38	product	atc.G04BE30	Androskat	WHO 2026 combination/product reference for ATC G04BE30	{"atc":"G04BE30","brand":"Androskat","dosageForm":"inj","ingredients":"papaverine 15 mg/phentolamine 0.5 mg","ddd":"1 UD (= 1 ml)"}	GLOBAL	2026.10
A	alias.product.38	product.who.g04be30.androskat.38	Androskat	BRAND	ev.who.atc.combinations	GLOBAL	2026.10
N	product.who.g04be30.invicorp.39	product	atc.G04BE30	Invicorp	WHO 2026 combination/product reference for ATC G04BE30	{"atc":"G04BE30","brand":"Invicorp","dosageForm":"inj sol","ingredients":"phentolamine 1 mg/aviptadil 25 mcg","ddd":"1 UD (=1 ampoulle)"}	GLOBAL	2026.10
A	alias.product.39	product.who.g04be30.invicorp.39	Invicorp	BRAND	ev.who.atc.combinations	GLOBAL	2026.10
N	product.who.g04be30.invicorp.40	product	atc.G04BE30	Invicorp	WHO 2026 combination/product reference for ATC G04BE30	{"atc":"G04BE30","brand":"Invicorp","dosageForm":"inj sol","ingredients":"phentolamine 2 mg/aviptadil 25 mcg","ddd":"1 UD (=1 ampoulle)"}	GLOBAL	2026.10
A	alias.product.40	product.who.g04be30.invicorp.40	Invicorp	BRAND	ev.who.atc.combinations	GLOBAL	2026.10
N	product.who.g04ca52.combodart.41	product	atc.G04CA52	Combodart	WHO 2026 combination/product reference for ATC G04CA52	{"atc":"G04CA52","brand":"Combodart","dosageForm":"caps","ingredients":"tamsulosin 0.4 mg /dutasteride 0.5 mg","ddd":"1 UD (=1 caps)"}	GLOBAL	2026.10
A	alias.product.41	product.who.g04ca52.combodart.41	Combodart	BRAND	ev.who.atc.combinations	GLOBAL	2026.10
N	product.who.g04ca52.duodart.42	product	atc.G04CA52	Duodart	WHO 2026 combination/product reference for ATC G04CA52	{"atc":"G04CA52","brand":"Duodart","dosageForm":"caps","ingredients":"tamsulosin 0.4 mg /dutasteride 0.5 mg","ddd":"1 UD (=1 caps)"}	GLOBAL	2026.10
A	alias.product.42	product.who.g04ca52.duodart.42	Duodart	BRAND	ev.who.atc.combinations	GLOBAL	2026.10
N	product.who.g04ca53.vesomni.43	product	atc.G04CA53	Vesomni	WHO 2026 combination/product reference for ATC G04CA53	{"atc":"G04CA53","brand":"Vesomni","dosageForm":"tab","ingredients":"tamsulosin 0.4 mg/solifenacin 6 mg","ddd":"1 UD (=1 tab)"}	GLOBAL	2026.10
A	alias.product.43	product.who.g04ca53.vesomni.43	Vesomni	BRAND	ev.who.atc.combinations	GLOBAL	2026.10
N	product.who.h01cc54.ryeqo_myfembree.44	product	atc.H01CC54	Ryeqo/ Myfembree	WHO 2026 combination/product reference for ATC H01CC54	{"atc":"H01CC54","brand":"Ryeqo/ Myfembree","dosageForm":"tab","ingredients":"relugolix 40 mg/estradiol 1 mg/norethisterone 0.5 mg","ddd":"1 UD (=1 tab)"}	GLOBAL	2026.10
A	alias.product.44	product.who.h01cc54.ryeqo_myfembree.44	Ryeqo/ Myfembree	BRAND	ev.who.atc.combinations	GLOBAL	2026.10
N	product.who.j01aa20.deteclo.45	product	atc.J01AA20	Deteclo	WHO 2026 combination/product reference for ATC J01AA20	{"atc":"J01AA20","brand":"Deteclo","dosageForm":"tab","ingredients":"tetracycline 115.4 mg/chlortetracycline 115.4 mg/demeclocycline 69.2 mg","ddd":"2 UD (=2 tab)"}	GLOBAL	2026.10
A	alias.product.45	product.who.j01aa20.deteclo.45	Deteclo	BRAND	ev.who.atc.combinations	GLOBAL	2026.10
N	product.who.j01ca20.miraxid.46	product	atc.J01CA20	Miraxid	WHO 2026 combination/product reference for ATC J01CA20	{"atc":"J01CA20","brand":"Miraxid","dosageForm":"tab","ingredients":"pivampicillin 0.25 g/pivmecillinam 0.2 g","ddd":"3 UD (=3 tab)"}	GLOBAL	2026.10
A	alias.product.46	product.who.j01ca20.miraxid.46	Miraxid	BRAND	ev.who.atc.combinations	GLOBAL	2026.10
N	product.who.j01ca20.miraxid_mite.47	product	atc.J01CA20	Miraxid mite	WHO 2026 combination/product reference for ATC J01CA20	{"atc":"J01CA20","brand":"Miraxid mite","dosageForm":"tab","ingredients":"pivampicillin 0.125 g/pivmecillinam 0.1 g","ddd":"6 UD (=6 tab)"}	GLOBAL	2026.10
A	alias.product.47	product.who.j01ca20.miraxid_mite.47	Miraxid mite	BRAND	ev.who.atc.combinations	GLOBAL	2026.10
N	product.who.j01ce30.bicillin_c_r_bicillin_a_p_bicillin.48	product	atc.J01CE30	Bicillin C-R, Bicillin A-P, Bicillin	WHO 2026 combination/product reference for ATC J01CE30	{"atc":"J01CE30","brand":"Bicillin C-R, Bicillin A-P, Bicillin","dosageForm":"powder for inj","ingredients":"Comb. of benzylpenicillin/procain-benzylpenicillin/benzathine benzylpenicillin","ddd":"3.6 g expressed as benzylpenicillin"}	GLOBAL	2026.10
A	alias.product.48	product.who.j01ce30.bicillin_c_r_bicillin_a_p_bicillin.48	Bicillin C-R, Bicillin A-P, Bicillin	BRAND	ev.who.atc.combinations	GLOBAL	2026.10
N	product.who.j01cr50.ampiclox.49	product	atc.J01CR50	Ampiclox	WHO 2026 combination/product reference for ATC J01CR50	{"atc":"J01CR50","brand":"Ampiclox","dosageForm":"tab","ingredients":"ampicillin 0.25 g/cloxacillin 0.25 g","ddd":"4 UD (=4 tab)"}	GLOBAL	2026.10
A	alias.product.49	product.who.j01cr50.ampiclox.49	Ampiclox	BRAND	ev.who.atc.combinations	GLOBAL	2026.10
N	product.who.j01cr50.ampoxium.50	product	atc.J01CR50	Ampoxium	WHO 2026 combination/product reference for ATC J01CR50	{"atc":"J01CR50","brand":"Ampoxium","dosageForm":"powder for inj","ingredients":"ampicillin 0.66 g/oxacillin 0.33 g","ddd":"2 UD (= 2 g)"}	GLOBAL	2026.10
A	alias.product.50	product.who.j01cr50.ampoxium.50	Ampoxium	BRAND	ev.who.atc.combinations	GLOBAL	2026.10
N	product.who.j01cr50.ampoxium.51	product	atc.J01CR50	Ampoxium	WHO 2026 combination/product reference for ATC J01CR50	{"atc":"J01CR50","brand":"Ampoxium","dosageForm":"caps","ingredients":"ampicillin 0.125g/oxacillin 0.125 g","ddd":"8 UD (= 8 caps)"}	GLOBAL	2026.10
A	alias.product.51	product.who.j01cr50.ampoxium.51	Ampoxium	BRAND	ev.who.atc.combinations	GLOBAL	2026.10
N	product.who.j01cr50.co_fluampicil.52	product	atc.J01CR50	Co-fluampicil	WHO 2026 combination/product reference for ATC J01CR50	{"atc":"J01CR50","brand":"Co-fluampicil","dosageForm":"tab","ingredients":"ampicillin 0.25 g/flucloxacillin 0.25 g","ddd":"4 UD (=4 tab)"}	GLOBAL	2026.10
A	alias.product.52	product.who.j01cr50.co_fluampicil.52	Co-fluampicil	BRAND	ev.who.atc.combinations	GLOBAL	2026.10
N	product.who.j01cr50.viccillin_s.53	product	atc.J01CR50	Viccillin-S	WHO 2026 combination/product reference for ATC J01CR50	{"atc":"J01CR50","brand":"Viccillin-S","dosageForm":"powder for inj","ingredients":"ampicillin 250 mg/cloxacillin 250 mg","ddd":"2 UD (=2 grams of powder for injection)"}	GLOBAL	2026.10
A	alias.product.53	product.who.j01cr50.viccillin_s.53	Viccillin-S	BRAND	ev.who.atc.combinations	GLOBAL	2026.10
N	product.who.j01cr50.viccillin_s.54	product	atc.J01CR50	Viccillin-S	WHO 2026 combination/product reference for ATC J01CR50	{"atc":"J01CR50","brand":"Viccillin-S","dosageForm":"powder for inj","ingredients":"ampicillin 500 mg/cloxacillin 500 mg","ddd":"2 UD (=2 grams of powder for injection)"}	GLOBAL	2026.10
A	alias.product.54	product.who.j01cr50.viccillin_s.54	Viccillin-S	BRAND	ev.who.atc.combinations	GLOBAL	2026.10
N	product.who.j01cr50.viccillin_s.55	product	atc.J01CR50	Viccillin-S	WHO 2026 combination/product reference for ATC J01CR50	{"atc":"J01CR50","brand":"Viccillin-S","dosageForm":"tab","ingredients":"ampicillin 125 mg/cloxacillin 125 mg","ddd":"8 UD (=8 tab)"}	GLOBAL	2026.10
A	alias.product.55	product.who.j01cr50.viccillin_s.55	Viccillin-S	BRAND	ev.who.atc.combinations	GLOBAL	2026.10
N	product.who.j01cr50.betaclox.56	product	atc.J01CR50	Betaclox	WHO 2026 combination/product reference for ATC J01CR50	{"atc":"J01CR50","brand":"Betaclox","dosageForm":"tab","ingredients":"amoxicillin 250 mg/cloxacillin 250 mg","ddd":"4 UD (=4 tab)"}	GLOBAL	2026.10
A	alias.product.56	product.who.j01cr50.betaclox.56	Betaclox	BRAND	ev.who.atc.combinations	GLOBAL	2026.10
N	product.who.j01ec20.trisulfamid.57	product	atc.J01EC20	Trisulfamid	WHO 2026 combination/product reference for ATC J01EC20	{"atc":"J01EC20","brand":"Trisulfamid","dosageForm":"tab","ingredients":"sulfacarbamide 0.167 g/sulfadiazine 0.167 g/sulfadimidine 0.167 g","ddd":"4 UD (=4 tab)"}	GLOBAL	2026.10
A	alias.product.57	product.who.j01ec20.trisulfamid.57	Trisulfamid	BRAND	ev.who.atc.combinations	GLOBAL	2026.10
N	product.who.j01ee01.bactrim_eusaprim_trimetoprim_sulfa.58	product	atc.J01EE01	Bactrim, Eusaprim, Trimetoprim-sulfa	WHO 2026 combination/product reference for ATC J01EE01	{"atc":"J01EE01","brand":"Bactrim, Eusaprim, Trimetoprim-sulfa","dosageForm":"inf conc","ingredients":"sulfamethoxazole 80 mg/trimethoprim 16 mg","ddd":"20 UD (=20 ml)"}	GLOBAL	2026.10
A	alias.product.58	product.who.j01ee01.bactrim_eusaprim_trimetoprim_sulfa.58	Bactrim, Eusaprim, Trimetoprim-sulfa	BRAND	ev.who.atc.combinations	GLOBAL	2026.10
N	product.who.j01ee01.bactrim_eusaprim_trimetoprim_sulfa.59	product	atc.J01EE01	Bactrim, Eusaprim, Trimetoprim-sulfa	WHO 2026 combination/product reference for ATC J01EE01	{"atc":"J01EE01","brand":"Bactrim, Eusaprim, Trimetoprim-sulfa","dosageForm":"mixt","ingredients":"sulfamethoxazole 0.2 g/trimethoprim 40 mg","ddd":"8 UD (= 40 ml)"}	GLOBAL	2026.10
A	alias.product.59	product.who.j01ee01.bactrim_eusaprim_trimetoprim_sulfa.59	Bactrim, Eusaprim, Trimetoprim-sulfa	BRAND	ev.who.atc.combinations	GLOBAL	2026.10
N	product.who.j01ee01.bactrim_eusaprim_trimetoprim_sulfa.60	product	atc.J01EE01	Bactrim, Eusaprim Trimetoprim-sulfa	WHO 2026 combination/product reference for ATC J01EE01	{"atc":"J01EE01","brand":"Bactrim, Eusaprim Trimetoprim-sulfa","dosageForm":"tab","ingredients":"sulfamethoxazole 0.4 g/trimethoprim 80 mg","ddd":"4 UD (=4 tab)"}	GLOBAL	2026.10
A	alias.product.60	product.who.j01ee01.bactrim_eusaprim_trimetoprim_sulfa.60	Bactrim, Eusaprim Trimetoprim-sulfa	BRAND	ev.who.atc.combinations	GLOBAL	2026.10
N	product.who.j01ee02.triglobe_trimin_sulfa.61	product	atc.J01EE02	Triglobe, Trimin Sulfa	WHO 2026 combination/product reference for ATC J01EE02	{"atc":"J01EE02","brand":"Triglobe, Trimin Sulfa","dosageForm":"mixt","ingredients":"sulfadiazine 0.205 g/trimethoprim 45 mg","ddd":"4 UD (=20 ml)"}	GLOBAL	2026.10
A	alias.product.61	product.who.j01ee02.triglobe_trimin_sulfa.61	Triglobe, Trimin Sulfa	BRAND	ev.who.atc.combinations	GLOBAL	2026.10
N	product.who.j01ee02.triglobe_trimin_sulfa.62	product	atc.J01EE02	Triglobe, Trimin Sulfa	WHO 2026 combination/product reference for ATC J01EE02	{"atc":"J01EE02","brand":"Triglobe, Trimin Sulfa","dosageForm":"tab","ingredients":"sulfadiazine 0.41 g/trimethoprim 90 mg","ddd":"2 UD (=2 tab)"}	GLOBAL	2026.10
A	alias.product.62	product.who.j01ee02.triglobe_trimin_sulfa.62	Triglobe, Trimin Sulfa	BRAND	ev.who.atc.combinations	GLOBAL	2026.10
N	product.who.j01ee03.lidaprim.63	product	atc.J01EE03	Lidaprim	WHO 2026 combination/product reference for ATC J01EE03	{"atc":"J01EE03","brand":"Lidaprim","dosageForm":"tab","ingredients":"sulfametrole 0.8 g/trimethoprim 0.16 g","ddd":"2 UD (=2 tab)"}	GLOBAL	2026.10
A	alias.product.63	product.who.j01ee03.lidaprim.63	Lidaprim	BRAND	ev.who.atc.combinations	GLOBAL	2026.10
N	product.who.j01ee03.lidaprim.64	product	atc.J01EE03	Lidaprim	WHO 2026 combination/product reference for ATC J01EE03	{"atc":"J01EE03","brand":"Lidaprim","dosageForm":"powder for inj","ingredients":"sulfametrole 0.8 g/trimethoprim 0.16 g per vial","ddd":"2 UD (defined as 2 vials)"}	GLOBAL	2026.10
A	alias.product.64	product.who.j01ee03.lidaprim.64	Lidaprim	BRAND	ev.who.atc.combinations	GLOBAL	2026.10
N	product.who.j01ee06.sterinor.65	product	atc.J01EE06	Sterinor	WHO 2026 combination/product reference for ATC J01EE06	{"atc":"J01EE06","brand":"Sterinor","dosageForm":"tab","ingredients":"sulfadiazin 0.25 g/tetroxoprim 0.1 g","ddd":"2 UD (=2 tab)"}	GLOBAL	2026.10
A	alias.product.65	product.who.j01ee06.sterinor.65	Sterinor	BRAND	ev.who.atc.combinations	GLOBAL	2026.10
N	product.who.j01ee07.berlocombin.66	product	atc.J01EE07	Berlocombin	WHO 2026 combination/product reference for ATC J01EE07	{"atc":"J01EE07","brand":"Berlocombin","dosageForm":"tab","ingredients":"sulfamerazin 0.12 g/trimethoprim 80 mg","ddd":"4 UD (=4 tab)"}	GLOBAL	2026.10
A	alias.product.66	product.who.j01ee07.berlocombin.66	Berlocombin	BRAND	ev.who.atc.combinations	GLOBAL	2026.10
N	product.who.j01ra04.bidontogyl.67	product	atc.J01RA04	Bidontogyl	WHO 2026 combination/product reference for ATC J01RA04	{"atc":"J01RA04","brand":"Bidontogyl","dosageForm":"tab","ingredients":"spiramycin 1.5 MU/metronidazole 250 mg","ddd":"3 UD (=3 tab)"}	GLOBAL	2026.10
A	alias.product.67	product.who.j01ra04.bidontogyl.67	Bidontogyl	BRAND	ev.who.atc.combinations	GLOBAL	2026.10
N	product.who.j01ra04.orogyl.68	product	atc.J01RA04	Orogyl	WHO 2026 combination/product reference for ATC J01RA04	{"atc":"J01RA04","brand":"Orogyl","dosageForm":"tab","ingredients":"spiramycin 0.75 MU/metronidazole 125 mg","ddd":"6 UD (=6 tab)"}	GLOBAL	2026.10
A	alias.product.68	product.who.j01ra04.orogyl.68	Orogyl	BRAND	ev.who.atc.combinations	GLOBAL	2026.10
N	product.who.j01ra05.duobact.69	product	atc.J01RA05	Duobact	WHO 2026 combination/product reference for ATC J01RA05	{"atc":"J01RA05","brand":"Duobact","dosageForm":"tab","ingredients":"levofloxacin 250 mg/ornidazole 500 mg","ddd":"2 UD (=2 tab)"}	GLOBAL	2026.10
A	alias.product.69	product.who.j01ra05.duobact.69	Duobact	BRAND	ev.who.atc.combinations	GLOBAL	2026.10
N	product.who.j01ra07.safocid.70	product	atc.J01RA07	Safocid	WHO 2026 combination/product reference for ATC J01RA07	{"atc":"J01RA07","brand":"Safocid","dosageForm":"tab","ingredients":"azithromycin 1000 mg (1 tab)/fluconazole 150 mg (1 tab)/secnidazole 1000 mg (2 tab)(combination package)","ddd":"4 UD (=4 tab)"}	GLOBAL	2026.10
A	alias.product.70	product.who.j01ra07.safocid.70	Safocid	BRAND	ev.who.atc.combinations	GLOBAL	2026.10
N	product.who.j01ra09.oflox_oz.71	product	atc.J01RA09	Oflox Oz	WHO 2026 combination/product reference for ATC J01RA09	{"atc":"J01RA09","brand":"Oflox Oz","dosageForm":"tab","ingredients":"ofloxacin 200 mg/ornidazole 500 mg","ddd":"2 UD (=2 tab)"}	GLOBAL	2026.10
A	alias.product.71	product.who.j01ra09.oflox_oz.71	Oflox Oz	BRAND	ev.who.atc.combinations	GLOBAL	2026.10
N	product.who.j01ra10.cipramed.72	product	atc.J01RA10	Cipramed	WHO 2026 combination/product reference for ATC J01RA10	{"atc":"J01RA10","brand":"Cipramed","dosageForm":"tab","ingredients":"ciprofloxacin 500 mg/metronidazole 200 mg","ddd":"2 UD (=2 tab)"}	GLOBAL	2026.10
A	alias.product.72	product.who.j01ra10.cipramed.72	Cipramed	BRAND	ev.who.atc.combinations	GLOBAL	2026.10
N	product.who.j01ra11.ciprotini.73	product	atc.J01RA11	Ciprotini	WHO 2026 combination/product reference for ATC J01RA11	{"atc":"J01RA11","brand":"Ciprotini","dosageForm":"tab","ingredients":"ciprofloxacin 500 mg/tinidazole 600 mg","ddd":"2 UD (=2 tab)"}	GLOBAL	2026.10
A	alias.product.73	product.who.j01ra11.ciprotini.73	Ciprotini	BRAND	ev.who.atc.combinations	GLOBAL	2026.10
N	product.who.j01ra11.ciptin.74	product	atc.J01RA11	Ciptin	WHO 2026 combination/product reference for ATC J01RA11	{"atc":"J01RA11","brand":"Ciptin","dosageForm":"tab","ingredients":"ciprofloxacin 250 mg/tinidazole 300 mg","ddd":"4 UD (=4 tab)"}	GLOBAL	2026.10
A	alias.product.74	product.who.j01ra11.ciptin.74	Ciptin	BRAND	ev.who.atc.combinations	GLOBAL	2026.10
N	product.who.j01ra12.simprasole.75	product	atc.J01RA12	Simprasole	WHO 2026 combination/product reference for ATC J01RA12	{"atc":"J01RA12","brand":"Simprasole","dosageForm":"tab","ingredients":"ciprofloxacin 500 mg/ornidazole 500 mg","ddd":"2 UD (=2 tab)"}	GLOBAL	2026.10
A	alias.product.75	product.who.j01ra12.simprasole.75	Simprasole	BRAND	ev.who.atc.combinations	GLOBAL	2026.10
N	product.who.j01ra13.actiflox_t.76	product	atc.J01RA13	Actiflox-T	WHO 2026 combination/product reference for ATC J01RA13	{"atc":"J01RA13","brand":"Actiflox-T","dosageForm":"tab","ingredients":"norfloxacin 400 mg/tinidazole 600 mg","ddd":"2 UD (=2 tab)"}	GLOBAL	2026.10
A	alias.product.76	product.who.j01ra13.actiflox_t.76	Actiflox-T	BRAND	ev.who.atc.combinations	GLOBAL	2026.10
N	product.who.j01ra13.tricogyn_n_norzol.77	product	atc.J01RA13	Tricogyn - N/ Norzol	WHO 2026 combination/product reference for ATC J01RA13	{"atc":"J01RA13","brand":"Tricogyn - N/ Norzol","dosageForm":"tab","ingredients":"norfloxacin 0.4 g/tinidazole 0.6 g","ddd":"2 UD (=2 tab)"}	GLOBAL	2026.10
A	alias.product.77	product.who.j01ra13.tricogyn_n_norzol.77	Tricogyn - N/ Norzol	BRAND	ev.who.atc.combinations	GLOBAL	2026.10
N	product.who.j01ra16.zifi_az.78	product	atc.J01RA16	Zifi-Az	WHO 2026 combination/product reference for ATC J01RA16	{"atc":"J01RA16","brand":"Zifi-Az","dosageForm":"tab","ingredients":"cefixime 200 mg/azithromycin 250 mg","ddd":"2 UD (=2 tab)"}	GLOBAL	2026.10
A	alias.product.78	product.who.j01ra16.zifi_az.78	Zifi-Az	BRAND	ev.who.atc.combinations	GLOBAL	2026.10
N	product.who.j04am02.rifinah.79	product	atc.J04AM02	Rifinah	WHO 2026 combination/product reference for ATC J04AM02	{"atc":"J04AM02","brand":"Rifinah","dosageForm":"tab","ingredients":"rifampicin 0.3 g/isoniazid 0.15 g","ddd":"2 UD (=2 tab)"}	GLOBAL	2026.10
A	alias.product.79	product.who.j04am02.rifinah.79	Rifinah	BRAND	ev.who.atc.combinations	GLOBAL	2026.10
N	product.who.j04am02.rifinah.80	product	atc.J04AM02	Rifinah	WHO 2026 combination/product reference for ATC J04AM02	{"atc":"J04AM02","brand":"Rifinah","dosageForm":"tab","ingredients":"rifampicin 0.15 g/isoniazid 0.1 g","ddd":"4 UD (=4 tab)"}	GLOBAL	2026.10
A	alias.product.80	product.who.j04am02.rifinah.80	Rifinah	BRAND	ev.who.atc.combinations	GLOBAL	2026.10
N	product.who.j04am02.rimactazid.81	product	atc.J04AM02	Rimactazid	WHO 2026 combination/product reference for ATC J04AM02	{"atc":"J04AM02","brand":"Rimactazid","dosageForm":"tab","ingredients":"rifampicin 0.15 g/isoniazid 75 mg","ddd":"4 UD (=4 tab)"}	GLOBAL	2026.10
A	alias.product.81	product.who.j04am02.rimactazid.81	Rimactazid	BRAND	ev.who.atc.combinations	GLOBAL	2026.10
N	product.who.j04am05.rifater.82	product	atc.J04AM05	Rifater	WHO 2026 combination/product reference for ATC J04AM05	{"atc":"J04AM05","brand":"Rifater","dosageForm":"tab","ingredients":"rifampicin 0.12 g/pyrazinamide 0.3 g/isoniazid 50 mg","ddd":"6 UD (=6 tab)"}	GLOBAL	2026.10
A	alias.product.82	product.who.j04am05.rifater.82	Rifater	BRAND	ev.who.atc.combinations	GLOBAL	2026.10
N	product.who.j04am05.rimcure.83	product	atc.J04AM05	Rimcure	WHO 2026 combination/product reference for ATC J04AM05	{"atc":"J04AM05","brand":"Rimcure","dosageForm":"tab","ingredients":"rifampicin 0.15 g/pyrazinamide 0.4 g/isoniazid 75 mg","ddd":"4 UD (=4 tab)"}	GLOBAL	2026.10
A	alias.product.83	product.who.j04am05.rimcure.83	Rimcure	BRAND	ev.who.atc.combinations	GLOBAL	2026.10
N	product.who.j04am05.r_cinex.84	product	atc.J04AM05	R-cinex	WHO 2026 combination/product reference for ATC J04AM05	{"atc":"J04AM05","brand":"R-cinex","dosageForm":"tab","ingredients":"rifampicin 225 mg (1 tab)/pyrazinamide 750 mg (1 tab)/isoniazid 150 mg (1 tab)(combination package)","ddd":"6 UD (=6 tab)"}	GLOBAL	2026.10
A	alias.product.84	product.who.j04am05.r_cinex.84	R-cinex	BRAND	ev.who.atc.combinations	GLOBAL	2026.10
N	product.who.j04am05.rhz_60.85	product	atc.J04AM05	RHZ 60	WHO 2026 combination/product reference for ATC J04AM05	{"atc":"J04AM05","brand":"RHZ 60","dosageForm":"tab","ingredients":"rifampicin 60 mg/pyrazinamide 150 mg/isoniazid 30 mg","ddd":"10 UD (=10 tab)"}	GLOBAL	2026.10
A	alias.product.85	product.who.j04am05.rhz_60.85	RHZ 60	BRAND	ev.who.atc.combinations	GLOBAL	2026.10
N	product.who.j04am06.rimstar.86	product	atc.J04AM06	Rimstar	WHO 2026 combination/product reference for ATC J04AM06	{"atc":"J04AM06","brand":"Rimstar","dosageForm":"tab","ingredients":"rifampicin 0.15 g/pyrazinamide 0.4 g/ethambutol 0.275 g/isoniazid 75 mg","ddd":"4 UD (=4 tab)"}	GLOBAL	2026.10
A	alias.product.86	product.who.j04am06.rimstar.86	Rimstar	BRAND	ev.who.atc.combinations	GLOBAL	2026.10
N	product.who.j04am06.ak_4.87	product	atc.J04AM06	AK-4	WHO 2026 combination/product reference for ATC J04AM06	{"atc":"J04AM06","brand":"AK-4","dosageForm":"tab","ingredients":"rifampicin 450 mg (1 tab)/pyrazinamide 750 mg (2 tab)/ethambutol 800 mg+isoniazid 300 mg (1 tab)(combination package)","ddd":"4 UD (=4 tab)"}	GLOBAL	2026.10
A	alias.product.87	product.who.j04am06.ak_4.87	AK-4	BRAND	ev.who.atc.combinations	GLOBAL	2026.10
N	product.who.j04am07.3_fdc.88	product	atc.J04AM07	3-FDC	WHO 2026 combination/product reference for ATC J04AM07	{"atc":"J04AM07","brand":"3-FDC","dosageForm":"tab","ingredients":"rifampicin 150 mg/ethambutol 275 mg/isoniazid 75 mg","ddd":"4 UD (=4 tab)"}	GLOBAL	2026.10
A	alias.product.88	product.who.j04am07.3_fdc.88	3-FDC	BRAND	ev.who.atc.combinations	GLOBAL	2026.10
N	product.who.j05ap51.harvoni.89	product	atc.J05AP51	Harvoni	WHO 2026 combination/product reference for ATC J05AP51	{"atc":"J05AP51","brand":"Harvoni","dosageForm":"tab","ingredients":"sofosbuvir 400 mg/ledipasvir 90 mg","ddd":"1 UD (=1 tab)"}	GLOBAL	2026.10
A	alias.product.89	product.who.j05ap51.harvoni.89	Harvoni	BRAND	ev.who.atc.combinations	GLOBAL	2026.10
N	product.who.j05ap51.harvoni.90	product	atc.J05AP51	Harvoni	WHO 2026 combination/product reference for ATC J05AP51	{"atc":"J05AP51","brand":"Harvoni","dosageForm":"granules, single dose sachets","ingredients":"sofosbuvir 150 mg/ledipasvir 33.75 mg","ddd":"3 UD (=3 sachets)"}	GLOBAL	2026.10
A	alias.product.90	product.who.j05ap51.harvoni.90	Harvoni	BRAND	ev.who.atc.combinations	GLOBAL	2026.10
N	product.who.j05ap51.harvoni.91	product	atc.J05AP51	Harvoni	WHO 2026 combination/product reference for ATC J05AP51	{"atc":"J05AP51","brand":"Harvoni","dosageForm":"granules, single dose sachets","ingredients":"sofosbuvir 200 mg/ledipasvir 45 mg","ddd":"2 UD (=2 sachets)"}	GLOBAL	2026.10
A	alias.product.91	product.who.j05ap51.harvoni.91	Harvoni	BRAND	ev.who.atc.combinations	GLOBAL	2026.10
N	product.who.j05ap51.harvoni.92	product	atc.J05AP51	Harvoni	WHO 2026 combination/product reference for ATC J05AP51	{"atc":"J05AP51","brand":"Harvoni","dosageForm":"tab","ingredients":"sofosbuvir 200 mg/ledipasvir 45 mg","ddd":"2 UD (=2 tab)"}	GLOBAL	2026.10
A	alias.product.92	product.who.j05ap51.harvoni.92	Harvoni	BRAND	ev.who.atc.combinations	GLOBAL	2026.10
N	product.who.j05ap53.technivie_viekirax.93	product	atc.J05AP53	Technivie / Viekirax	WHO 2026 combination/product reference for ATC J05AP53	{"atc":"J05AP53","brand":"Technivie / Viekirax","dosageForm":"tab","ingredients":"ombitasvir 12.5 mg/paritaprevir 75 mg/ ritonavir 50 mg","ddd":"2 UD (=2 tab)"}	GLOBAL	2026.10
A	alias.product.93	product.who.j05ap53.technivie_viekirax.93	Technivie / Viekirax	BRAND	ev.who.atc.combinations	GLOBAL	2026.10
N	product.who.j05ap54.zepatier.94	product	atc.J05AP54	Zepatier	WHO 2026 combination/product reference for ATC J05AP54	{"atc":"J05AP54","brand":"Zepatier","dosageForm":"tab","ingredients":"elbasvir 50 mg/grazoprevir 100 mg","ddd":"1 UD (=1 tab)"}	GLOBAL	2026.10
A	alias.product.94	product.who.j05ap54.zepatier.94	Zepatier	BRAND	ev.who.atc.combinations	GLOBAL	2026.10
N	product.who.j05ap55.epclusa.95	product	atc.J05AP55	Epclusa	WHO 2026 combination/product reference for ATC J05AP55	{"atc":"J05AP55","brand":"Epclusa","dosageForm":"tab","ingredients":"sofosbuvir 400 mg/velpatasvir 100 mg","ddd":"1 UD (=1 tab)"}	GLOBAL	2026.10
A	alias.product.95	product.who.j05ap55.epclusa.95	Epclusa	BRAND	ev.who.atc.combinations	GLOBAL	2026.10
N	product.who.j05ap55.epclusa.96	product	atc.J05AP55	Epclusa	WHO 2026 combination/product reference for ATC J05AP55	{"atc":"J05AP55","brand":"Epclusa","dosageForm":"granules, single dose sachets","ingredients":"sofosbuvir 150 mg/velpatasvir 37.5 mg","ddd":"3 UD (=3 sachets)"}	GLOBAL	2026.10
A	alias.product.96	product.who.j05ap55.epclusa.96	Epclusa	BRAND	ev.who.atc.combinations	GLOBAL	2026.10
N	product.who.j05ap55.epclusa.97	product	atc.J05AP55	Epclusa	WHO 2026 combination/product reference for ATC J05AP55	{"atc":"J05AP55","brand":"Epclusa","dosageForm":"granules, single dose sachets","ingredients":"sofosbuvir 200 mg/velpatasvir 50 mg","ddd":"2 UD (=2 sachets)"}	GLOBAL	2026.10
A	alias.product.97	product.who.j05ap55.epclusa.97	Epclusa	BRAND	ev.who.atc.combinations	GLOBAL	2026.10
N	product.who.j05ap55.epclusa.98	product	atc.J05AP55	Epclusa	WHO 2026 combination/product reference for ATC J05AP55	{"atc":"J05AP55","brand":"Epclusa","dosageForm":"tab","ingredients":"sofosbuvir 200 mg/velpatasvir 50 mg","ddd":"2 UD (=2 tab)"}	GLOBAL	2026.10
A	alias.product.98	product.who.j05ap55.epclusa.98	Epclusa	BRAND	ev.who.atc.combinations	GLOBAL	2026.10
N	product.who.j05ap56.vosevi.99	product	atc.J05AP56	Vosevi	WHO 2026 combination/product reference for ATC J05AP56	{"atc":"J05AP56","brand":"Vosevi","dosageForm":"tab","ingredients":"sofosbuvir 400 mg/velpatasvir 100 mg/voxilaprevir 100 mg","ddd":"1 UD (=1 tab)"}	GLOBAL	2026.10
A	alias.product.99	product.who.j05ap56.vosevi.99	Vosevi	BRAND	ev.who.atc.combinations	GLOBAL	2026.10
N	product.who.j05ap57.maviret.100	product	atc.J05AP57	Maviret	WHO 2026 combination/product reference for ATC J05AP57	{"atc":"J05AP57","brand":"Maviret","dosageForm":"tab","ingredients":"glecaprevir 100 mg/pibrentasvir 40 mg","ddd":"3 UD (=3 tab)"}	GLOBAL	2026.10
A	alias.product.100	product.who.j05ap57.maviret.100	Maviret	BRAND	ev.who.atc.combinations	GLOBAL	2026.10
N	product.who.j05ap57.maviret_mavyret.101	product	atc.J05AP57	Maviret/ Mavyret	WHO 2026 combination/product reference for ATC J05AP57	{"atc":"J05AP57","brand":"Maviret/ Mavyret","dosageForm":"granules, single dose sachets","ingredients":"glecaprevir 50 mg/pibrentasvir 20 mg","ddd":"6 UD (=6 sachets)"}	GLOBAL	2026.10
A	alias.product.101	product.who.j05ap57.maviret_mavyret.101	Maviret/ Mavyret	BRAND	ev.who.atc.combinations	GLOBAL	2026.10
N	product.who.j05ap57.maviret_mavyret.102	product	atc.J05AP57	Maviret/ Mavyret	WHO 2026 combination/product reference for ATC J05AP57	{"atc":"J05AP57","brand":"Maviret/ Mavyret","dosageForm":"tab","ingredients":"glecaprevir 100 mg/pibrentasvir 40 mg","ddd":"3 UD (=3 tab)"}	GLOBAL	2026.10
A	alias.product.102	product.who.j05ap57.maviret_mavyret.102	Maviret/ Mavyret	BRAND	ev.who.atc.combinations	GLOBAL	2026.10
N	product.who.j05ar01.combivir.103	product	atc.J05AR01	Combivir	WHO 2026 combination/product reference for ATC J05AR01	{"atc":"J05AR01","brand":"Combivir","dosageForm":"tab","ingredients":"lamivudine 0.15 g/zidovudine 0.3 g","ddd":"2 UD (=2 tab)"}	GLOBAL	2026.10
A	alias.product.103	product.who.j05ar01.combivir.103	Combivir	BRAND	ev.who.atc.combinations	GLOBAL	2026.10
N	product.who.j05ar02.kivexa.104	product	atc.J05AR02	Kivexa	WHO 2026 combination/product reference for ATC J05AR02	{"atc":"J05AR02","brand":"Kivexa","dosageForm":"tab","ingredients":"abacavir 0.6 g/lamivudine 0.3 g","ddd":"1 UD (=1 tab)"}	GLOBAL	2026.10
A	alias.product.104	product.who.j05ar02.kivexa.104	Kivexa	BRAND	ev.who.atc.combinations	GLOBAL	2026.10
N	product.who.j05ar03.truvada.105	product	atc.J05AR03	Truvada	WHO 2026 combination/product reference for ATC J05AR03	{"atc":"J05AR03","brand":"Truvada","dosageForm":"tab","ingredients":"emtricitabine 0.2 g/tenofovir disoproxil 0.245 g","ddd":"1 UD (=1 tab)"}	GLOBAL	2026.10
A	alias.product.105	product.who.j05ar03.truvada.105	Truvada	BRAND	ev.who.atc.combinations	GLOBAL	2026.10
N	product.who.j05ar04.trizivir.106	product	atc.J05AR04	Trizivir	WHO 2026 combination/product reference for ATC J05AR04	{"atc":"J05AR04","brand":"Trizivir","dosageForm":"tab","ingredients":"zidovudine 0.3 g/lamivudine 0.15 g/abacavir 0.3 g","ddd":"2 UD (=2 tab)"}	GLOBAL	2026.10
A	alias.product.106	product.who.j05ar04.trizivir.106	Trizivir	BRAND	ev.who.atc.combinations	GLOBAL	2026.10
N	product.who.j05ar05.lamivudine_nevirapine_zidovudine.107	product	atc.J05AR05	Lamivudine/Nevirapine/ Zidovudine	WHO 2026 combination/product reference for ATC J05AR05	{"atc":"J05AR05","brand":"Lamivudine/Nevirapine/ Zidovudine","dosageForm":"tab","ingredients":"lamivudine 150 mg/nevirapine 200 mg/zidovudine 300 mg","ddd":"2 UD (=2 tab)"}	GLOBAL	2026.10
A	alias.product.107	product.who.j05ar05.lamivudine_nevirapine_zidovudine.107	Lamivudine/Nevirapine/ Zidovudine	BRAND	ev.who.atc.combinations	GLOBAL	2026.10
N	product.who.j05ar06.atripla.108	product	atc.J05AR06	Atripla	WHO 2026 combination/product reference for ATC J05AR06	{"atc":"J05AR06","brand":"Atripla","dosageForm":"tab","ingredients":"emtricitabine 0.2 g/tenofovir disoproxil 0.245 g/efavirenz 0.6 g","ddd":"1 UD (=1 tab)"}	GLOBAL	2026.10
A	alias.product.108	product.who.j05ar06.atripla.108	Atripla	BRAND	ev.who.atc.combinations	GLOBAL	2026.10
N	product.who.j05ar08.eviplera_complera.109	product	atc.J05AR08	Eviplera, Complera	WHO 2026 combination/product reference for ATC J05AR08	{"atc":"J05AR08","brand":"Eviplera, Complera","dosageForm":"tab","ingredients":"emtricitabine 0.2 g/tenofovir disoproxil 0.245 g/rilpivirine 0.025 g","ddd":"1 UD (=1 tab)"}	GLOBAL	2026.10
A	alias.product.109	product.who.j05ar08.eviplera_complera.109	Eviplera, Complera	BRAND	ev.who.atc.combinations	GLOBAL	2026.10
N	product.who.j05ar09.stribild.110	product	atc.J05AR09	Stribild	WHO 2026 combination/product reference for ATC J05AR09	{"atc":"J05AR09","brand":"Stribild","dosageForm":"tab","ingredients":"emtricitabine 200 mg/tenofovir disoproxil 245 mg/elvitegravir 150 mg/cobicistat 150 mg","ddd":"1 UD (=1 tab)"}	GLOBAL	2026.10
A	alias.product.110	product.who.j05ar09.stribild.110	Stribild	BRAND	ev.who.atc.combinations	GLOBAL	2026.10
N	product.who.j05ar11.efavirenz_lamivudine_tenofovir.111	product	atc.J05AR11	Efavirenz/lamivudine/tenofovir	WHO 2026 combination/product reference for ATC J05AR11	{"atc":"J05AR11","brand":"Efavirenz/lamivudine/tenofovir","dosageForm":"tab","ingredients":"lamivudine 300 mg/tenofovir disoproxil 300 mg (fumarate)/efavirenz 600 mg","ddd":"1 UD (=1 tab)"}	GLOBAL	2026.10
A	alias.product.111	product.who.j05ar11.efavirenz_lamivudine_tenofovir.111	Efavirenz/lamivudine/tenofovir	BRAND	ev.who.atc.combinations	GLOBAL	2026.10
N	product.who.j05ar12.lamivudine_and_tenofovir.112	product	atc.J05AR12	Lamivudine and Tenofovir	WHO 2026 combination/product reference for ATC J05AR12	{"atc":"J05AR12","brand":"Lamivudine and Tenofovir","dosageForm":"tab","ingredients":"lamivudine 300 mg/tenofovir disoproxil 300 mg (fumarate)","ddd":"1 UD (=1 tab)"}	GLOBAL	2026.10
A	alias.product.112	product.who.j05ar12.lamivudine_and_tenofovir.112	Lamivudine and Tenofovir	BRAND	ev.who.atc.combinations	GLOBAL	2026.10
N	product.who.j05ar13.triumeq.113	product	atc.J05AR13	Triumeq	WHO 2026 combination/product reference for ATC J05AR13	{"atc":"J05AR13","brand":"Triumeq","dosageForm":"tab","ingredients":"lamivudine 300 mg/abacavir 600 mg/dolutegravir 50 mg","ddd":"1 UD (=1 tab)"}	GLOBAL	2026.10
A	alias.product.113	product.who.j05ar13.triumeq.113	Triumeq	BRAND	ev.who.atc.combinations	GLOBAL	2026.10
N	product.who.j05ar14.rezolsta_prezcobix.114	product	atc.J05AR14	Rezolsta/Prezcobix	WHO 2026 combination/product reference for ATC J05AR14	{"atc":"J05AR14","brand":"Rezolsta/Prezcobix","dosageForm":"tab","ingredients":"darunavir 800 mg/cobicistat 150","ddd":"1 UD (=1 tab)"}	GLOBAL	2026.10
A	alias.product.114	product.who.j05ar14.rezolsta_prezcobix.114	Rezolsta/Prezcobix	BRAND	ev.who.atc.combinations	GLOBAL	2026.10
N	product.who.j05ar15.evotaz.115	product	atc.J05AR15	Evotaz	WHO 2026 combination/product reference for ATC J05AR15	{"atc":"J05AR15","brand":"Evotaz","dosageForm":"tab","ingredients":"atazanavir 0.3 g/cobicistat 0.15 g","ddd":"1 UD (=1 tab)"}	GLOBAL	2026.10
A	alias.product.115	product.who.j05ar15.evotaz.115	Evotaz	BRAND	ev.who.atc.combinations	GLOBAL	2026.10
N	product.who.j05ar17.descovy.116	product	atc.J05AR17	Descovy	WHO 2026 combination/product reference for ATC J05AR17	{"atc":"J05AR17","brand":"Descovy","dosageForm":"tab","ingredients":"emtricitabine 200 mg/tenofovir alafenamide 10 mg","ddd":"1 UD (=1 tab)"}	GLOBAL	2026.10
A	alias.product.116	product.who.j05ar17.descovy.116	Descovy	BRAND	ev.who.atc.combinations	GLOBAL	2026.10
N	product.who.j05ar17.descovy.117	product	atc.J05AR17	Descovy	WHO 2026 combination/product reference for ATC J05AR17	{"atc":"J05AR17","brand":"Descovy","dosageForm":"tab","ingredients":"emtricitabine 200 mg/ tenofovir alafenamide 25 mg","ddd":"1 UD (=1 tab)"}	GLOBAL	2026.10
A	alias.product.117	product.who.j05ar17.descovy.117	Descovy	BRAND	ev.who.atc.combinations	GLOBAL	2026.10
N	product.who.j05ar18.genvoya.118	product	atc.J05AR18	Genvoya	WHO 2026 combination/product reference for ATC J05AR18	{"atc":"J05AR18","brand":"Genvoya","dosageForm":"tab","ingredients":"emtricitabine 200 mg/tenofovir alafenamide 10 mg/elvitegravir 150 mg/cobicistat 150 mg","ddd":"1 UD (=1 tab)"}	GLOBAL	2026.10
A	alias.product.118	product.who.j05ar18.genvoya.118	Genvoya	BRAND	ev.who.atc.combinations	GLOBAL	2026.10
N	product.who.j05ar19.odefsey.119	product	atc.J05AR19	Odefsey	WHO 2026 combination/product reference for ATC J05AR19	{"atc":"J05AR19","brand":"Odefsey","dosageForm":"tab","ingredients":"emtricitabine 200 mg/tenofovir alafenamide 25 mg/rilpivirine 25 mg","ddd":"1 UD (=1 tab)"}	GLOBAL	2026.10
A	alias.product.119	product.who.j05ar19.odefsey.119	Odefsey	BRAND	ev.who.atc.combinations	GLOBAL	2026.10
N	product.who.j05ar20.biktarvy.120	product	atc.J05AR20	Biktarvy	WHO 2026 combination/product reference for ATC J05AR20	{"atc":"J05AR20","brand":"Biktarvy","dosageForm":"tab","ingredients":"emtricitabine 200 mg/tenofovir alafenamide 25mg/bictegravir 50 mg","ddd":"1 UD (=1 tab)"}	GLOBAL	2026.10
A	alias.product.120	product.who.j05ar20.biktarvy.120	Biktarvy	BRAND	ev.who.atc.combinations	GLOBAL	2026.10
N	product.who.j05ar20.biktarvy.121	product	atc.J05AR20	Biktarvy	WHO 2026 combination/product reference for ATC J05AR20	{"atc":"J05AR20","brand":"Biktarvy","dosageForm":"tab","ingredients":"emtricitabine 120 mg/tenofovir alafenamide 15 mg/bictegravir 30 mg","ddd":"2 UD (=2 tab)"}	GLOBAL	2026.10
A	alias.product.121	product.who.j05ar20.biktarvy.121	Biktarvy	BRAND	ev.who.atc.combinations	GLOBAL	2026.10
N	product.who.j05ar21.juluca.122	product	atc.J05AR21	Juluca	WHO 2026 combination/product reference for ATC J05AR21	{"atc":"J05AR21","brand":"Juluca","dosageForm":"tab","ingredients":"dolutegravir 50 mg/rilpivirine 25 mg","ddd":"1 UD (=1 tab)"}	GLOBAL	2026.10
A	alias.product.122	product.who.j05ar21.juluca.122	Juluca	BRAND	ev.who.atc.combinations	GLOBAL	2026.10
N	product.who.j05ar22.symtuza.123	product	atc.J05AR22	Symtuza	WHO 2026 combination/product reference for ATC J05AR22	{"atc":"J05AR22","brand":"Symtuza","dosageForm":"tab","ingredients":"emtricitabine 200 mg/tenofovir alafenamide 10 mg/darunavir 800 mg/cobicistat 150 mg","ddd":"1 UD (=1 tab)"}	GLOBAL	2026.10
A	alias.product.123	product.who.j05ar22.symtuza.123	Symtuza	BRAND	ev.who.atc.combinations	GLOBAL	2026.10
N	product.who.j05ar24.delstrigo.124	product	atc.J05AR24	Delstrigo	WHO 2026 combination/product reference for ATC J05AR24	{"atc":"J05AR24","brand":"Delstrigo","dosageForm":"tab","ingredients":"lamivudine 300 mg/tenofovir disoproxil 245 mg/doravirine 100 mg","ddd":"1 UD (=1 tab)"}	GLOBAL	2026.10
A	alias.product.124	product.who.j05ar24.delstrigo.124	Delstrigo	BRAND	ev.who.atc.combinations	GLOBAL	2026.10
N	product.who.j05ar25.dovato.125	product	atc.J05AR25	Dovato	WHO 2026 combination/product reference for ATC J05AR25	{"atc":"J05AR25","brand":"Dovato","dosageForm":"tab","ingredients":"lamivudine 300 mg/dolutegravir 50 mg","ddd":"1 UD (=1 tab)"}	GLOBAL	2026.10
A	alias.product.125	product.who.j05ar25.dovato.125	Dovato	BRAND	ev.who.atc.combinations	GLOBAL	2026.10
N	product.who.m03ba52.somadril_comp.126	product	atc.M03BA52	Somadril comp	WHO 2026 combination/product reference for ATC M03BA52	{"atc":"M03BA52","brand":"Somadril comp","dosageForm":"tab","ingredients":"carisoprodol 0.2 g/paracetamol 0.16 g/caffeine 32 mg","ddd":"4 UD (=4 tab)"}	GLOBAL	2026.10
A	alias.product.126	product.who.m03ba52.somadril_comp.126	Somadril comp	BRAND	ev.who.atc.combinations	GLOBAL	2026.10
N	product.who.m03bb52.lobac.127	product	atc.M03BB52	Lobac	WHO 2026 combination/product reference for ATC M03BB52	{"atc":"M03BB52","brand":"Lobac","dosageForm":"tab","ingredients":"chlormezanone 0.1 g/paracetamol 0.45 g","ddd":"4 UD (=4 tab)"}	GLOBAL	2026.10
A	alias.product.127	product.who.m03bb52.lobac.127	Lobac	BRAND	ev.who.atc.combinations	GLOBAL	2026.10
N	product.who.m03bb53.paraflex_comp.128	product	atc.M03BB53	Paraflex Comp	WHO 2026 combination/product reference for ATC M03BB53	{"atc":"M03BB53","brand":"Paraflex Comp","dosageForm":"tab","ingredients":"chorzoxazone 0.125 g/acetylsalicylic acid 0.5 g/dextropropoxifene (napsylate)45 mg","ddd":"4 UD (=4 tab)"}	GLOBAL	2026.10
A	alias.product.128	product.who.m03bb53.paraflex_comp.128	Paraflex Comp	BRAND	ev.who.atc.combinations	GLOBAL	2026.10
N	product.who.m03bc51.norgesic.129	product	atc.M03BC51	Norgesic	WHO 2026 combination/product reference for ATC M03BC51	{"atc":"M03BC51","brand":"Norgesic","dosageForm":"tab","ingredients":"orphenadrine 35 mg/paracetamol 0.45 g","ddd":"4 UD (=4 tab)"}	GLOBAL	2026.10
A	alias.product.129	product.who.m03bc51.norgesic.129	Norgesic	BRAND	ev.who.atc.combinations	GLOBAL	2026.10
N	product.who.n02ac54.aporex.130	product	atc.N02AC54	Aporex	WHO 2026 combination/product reference for ATC N02AC54	{"atc":"N02AC54","brand":"Aporex","dosageForm":"tab","ingredients":"dextropropoxyphene 70 mg/paracetamol 0.4 g","ddd":"2 UD (=2 tab)"}	GLOBAL	2026.10
A	alias.product.130	product.who.n02ac54.aporex.130	Aporex	BRAND	ev.who.atc.combinations	GLOBAL	2026.10
N	product.who.n02ag01.morfin_skopolamin.131	product	atc.N02AG01	Morfin-skopolamin	WHO 2026 combination/product reference for ATC N02AG01	{"atc":"N02AG01","brand":"Morfin-skopolamin","dosageForm":"inj","ingredients":"morphine 10 mg/scopolamine 0.4 mg","ddd":"1 UD (=1 ml)"}	GLOBAL	2026.10
A	alias.product.131	product.who.n02ag01.morfin_skopolamin.131	Morfin-skopolamin	BRAND	ev.who.atc.combinations	GLOBAL	2026.10
N	product.who.n02ag02.ketogan.132	product	atc.N02AG02	Ketogan	WHO 2026 combination/product reference for ATC N02AG02	{"atc":"N02AG02","brand":"Ketogan","dosageForm":"tab","ingredients":"ketobemidone 5 mg /dimethylaminodiphenylbutene25 mg","ddd":"5 UD (=5 tab)"}	GLOBAL	2026.10
A	alias.product.132	product.who.n02ag02.ketogan.132	Ketogan	BRAND	ev.who.atc.combinations	GLOBAL	2026.10
N	product.who.n02ag02.ketogan.133	product	atc.N02AG02	Ketogan	WHO 2026 combination/product reference for ATC N02AG02	{"atc":"N02AG02","brand":"Ketogan","dosageForm":"supp","ingredients":"ketobemidone 10 mg/dimethylaminodiphenylbutene50 mg","ddd":"2.5 UD (=2.5 supp)"}	GLOBAL	2026.10
A	alias.product.133	product.who.n02ag02.ketogan.133	Ketogan	BRAND	ev.who.atc.combinations	GLOBAL	2026.10
N	product.who.n02aj06.codeine_paracetamol.134	product	atc.N02AJ06	Codeine/ paracetamol	WHO 2026 combination/product reference for ATC N02AJ06	{"atc":"N02AJ06","brand":"Codeine/ paracetamol","dosageForm":"supp","ingredients":"codeine 20 mg/paracetamol 1.0 g","ddd":"3 UD (=3 supp)"}	GLOBAL	2026.10
A	alias.product.134	product.who.n02aj06.codeine_paracetamol.134	Codeine/ paracetamol	BRAND	ev.who.atc.combinations	GLOBAL	2026.10
N	product.who.n02aj06.codeine_paracetamol.135	product	atc.N02AJ06	Codeine/ paracetamol	WHO 2026 combination/product reference for ATC N02AJ06	{"atc":"N02AJ06","brand":"Codeine/ paracetamol","dosageForm":"supp","ingredients":"codeine 40 mg/paracetamol 0.5 g","ddd":"3 UD (=3 supp)"}	GLOBAL	2026.10
A	alias.product.135	product.who.n02aj06.codeine_paracetamol.135	Codeine/ paracetamol	BRAND	ev.who.atc.combinations	GLOBAL	2026.10
N	product.who.n02aj06.codeine_paracetamol.136	product	atc.N02AJ06	Codeine/ paracetamol	WHO 2026 combination/product reference for ATC N02AJ06	{"atc":"N02AJ06","brand":"Codeine/ paracetamol","dosageForm":"tab","ingredients":"codeine 50 mg/paracetamol 0.5 g","ddd":"3 UD (=3 tab)"}	GLOBAL	2026.10
A	alias.product.136	product.who.n02aj06.codeine_paracetamol.136	Codeine/ paracetamol	BRAND	ev.who.atc.combinations	GLOBAL	2026.10
N	product.who.n02aj06.paralgin_forte.137	product	atc.N02AJ06	Paralgin forte	WHO 2026 combination/product reference for ATC N02AJ06	{"atc":"N02AJ06","brand":"Paralgin forte","dosageForm":"tab","ingredients":"codeine 30 mg/paracetamol 0.4 g","ddd":"4 UD (=4 tab)"}	GLOBAL	2026.10
A	alias.product.137	product.who.n02aj06.paralgin_forte.137	Paralgin forte	BRAND	ev.who.atc.combinations	GLOBAL	2026.10
N	product.who.n02aj06.paralgin_forte.138	product	atc.N02AJ06	Paralgin forte	WHO 2026 combination/product reference for ATC N02AJ06	{"atc":"N02AJ06","brand":"Paralgin forte","dosageForm":"supp","ingredients":"codeine 30 mg/paracetamol 0.4 g","ddd":"4 UD (=4 supp)"}	GLOBAL	2026.10
A	alias.product.138	product.who.n02aj06.paralgin_forte.138	Paralgin forte	BRAND	ev.who.atc.combinations	GLOBAL	2026.10
N	product.who.n02aj06.citodon_parkodin_forte_panocod_pinex_forte.139	product	atc.N02AJ06	Citodon, Parkodin forte, Panocod, Pinex forte	WHO 2026 combination/product reference for ATC N02AJ06	{"atc":"N02AJ06","brand":"Citodon, Parkodin forte, Panocod, Pinex forte","dosageForm":"tab","ingredients":"codeine 30 mg/paracetamol 0.5 g","ddd":"3 UD (=3 tab)"}	GLOBAL	2026.10
A	alias.product.139	product.who.n02aj06.citodon_parkodin_forte_panocod_pinex_forte.139	Citodon, Parkodin forte, Panocod, Pinex forte	BRAND	ev.who.atc.combinations	GLOBAL	2026.10
N	product.who.n02aj06.citodon.140	product	atc.N02AJ06	Citodon	WHO 2026 combination/product reference for ATC N02AJ06	{"atc":"N02AJ06","brand":"Citodon","dosageForm":"supp","ingredients":"codeine 30 mg/paracetamol 0.5 g","ddd":"3 UD (=3 supp)"}	GLOBAL	2026.10
A	alias.product.140	product.who.n02aj06.citodon.140	Citodon	BRAND	ev.who.atc.combinations	GLOBAL	2026.10
N	product.who.n02aj06.citodon_forte.141	product	atc.N02AJ06	Citodon forte	WHO 2026 combination/product reference for ATC N02AJ06	{"atc":"N02AJ06","brand":"Citodon forte","dosageForm":"supp","ingredients":"codeine 60 mg/paracetamol 1 g","ddd":"1.5 UD (=1.5 supp)"}	GLOBAL	2026.10
A	alias.product.141	product.who.n02aj06.citodon_forte.141	Citodon forte	BRAND	ev.who.atc.combinations	GLOBAL	2026.10
N	product.who.n02aj06.korylan.142	product	atc.N02AJ06	Korylan	WHO 2026 combination/product reference for ATC N02AJ06	{"atc":"N02AJ06","brand":"Korylan","dosageForm":"tab","ingredients":"codeine 28 mg/paracetamol 325 mg","ddd":"4 UD (=4 tab)"}	GLOBAL	2026.10
A	alias.product.142	product.who.n02aj06.korylan.142	Korylan	BRAND	ev.who.atc.combinations	GLOBAL	2026.10
N	product.who.n02aj06.talvosilen.143	product	atc.N02AJ06	Talvosilen	WHO 2026 combination/product reference for ATC N02AJ06	{"atc":"N02AJ06","brand":"Talvosilen","dosageForm":"tab","ingredients":"codeine 20 mg/paracetamol 500 mg","ddd":"4 UD (=4 tab)"}	GLOBAL	2026.10
A	alias.product.143	product.who.n02aj06.talvosilen.143	Talvosilen	BRAND	ev.who.atc.combinations	GLOBAL	2026.10
N	product.who.n02aj06.co_codamol.144	product	atc.N02AJ06	Co-codamol	WHO 2026 combination/product reference for ATC N02AJ06	{"atc":"N02AJ06","brand":"Co-codamol","dosageForm":"tab","ingredients":"codeine 15 mg/paracetamol 500 mg","ddd":"6 UD (=6 tab)"}	GLOBAL	2026.10
A	alias.product.144	product.who.n02aj06.co_codamol.144	Co-codamol	BRAND	ev.who.atc.combinations	GLOBAL	2026.10
N	product.who.n02aj06.park_d_n.145	product	atc.N02AJ06	Parkódín	WHO 2026 combination/product reference for ATC N02AJ06	{"atc":"N02AJ06","brand":"Parkódín","dosageForm":"tab","ingredients":"codeine 10 mg/paracetamol 500 mg","ddd":"6 UD (=6 tab)"}	GLOBAL	2026.10
A	alias.product.145	product.who.n02aj06.park_d_n.145	Parkódín	BRAND	ev.who.atc.combinations	GLOBAL	2026.10
N	product.who.n02aj06.dolocatil_code_na.146	product	atc.N02AJ06	Dolocatil Codeína	WHO 2026 combination/product reference for ATC N02AJ06	{"atc":"N02AJ06","brand":"Dolocatil Codeína","dosageForm":"tab","ingredients":"codeine 15 mg/paracetamol 325 mg","ddd":"6 UD (=6 tab)"}	GLOBAL	2026.10
A	alias.product.146	product.who.n02aj06.dolocatil_code_na.146	Dolocatil Codeína	BRAND	ev.who.atc.combinations	GLOBAL	2026.10
N	product.who.n02aj07.dolmen.147	product	atc.N02AJ07	Dolmen	WHO 2026 combination/product reference for ATC N02AJ07	{"atc":"N02AJ07","brand":"Dolmen","dosageForm":"eff tab","ingredients":"codeine 10 mg/acetylsalicylic acid 500 mg/ascorbic acid 250 mg","ddd":"6 UD (=6 eff tab)"}	GLOBAL	2026.10
A	alias.product.147	product.who.n02aj07.dolmen.147	Dolmen	BRAND	ev.who.atc.combinations	GLOBAL	2026.10
N	product.who.n02aj08.astefor.148	product	atc.N02AJ08	Astefor	WHO 2026 combination/product reference for ATC N02AJ08	{"atc":"N02AJ08","brand":"Astefor","dosageForm":"tab","ingredients":"codeine 30 mg/ibuprofen 400 mg","ddd":"3 UD (=3 tab)"}	GLOBAL	2026.10
A	alias.product.148	product.who.n02aj08.astefor.148	Astefor	BRAND	ev.who.atc.combinations	GLOBAL	2026.10
N	product.who.n02aj13.ultracet_zaldiar.149	product	atc.N02AJ13	Ultracet, Zaldiar	WHO 2026 combination/product reference for ATC N02AJ13	{"atc":"N02AJ13","brand":"Ultracet, Zaldiar","dosageForm":"tab","ingredients":"tramadol 37.5 mg/paracetamol 0.325 g","ddd":"4 UD (=4 tab)"}	GLOBAL	2026.10
A	alias.product.149	product.who.n02aj13.ultracet_zaldiar.149	Ultracet, Zaldiar	BRAND	ev.who.atc.combinations	GLOBAL	2026.10
N	product.who.n02aj13.zaldiar_retard.150	product	atc.N02AJ13	Zaldiar retard	WHO 2026 combination/product reference for ATC N02AJ13	{"atc":"N02AJ13","brand":"Zaldiar retard","dosageForm":"tab","ingredients":"tramadol 75 mg/paracetamol 650 mg","ddd":"2 UD (=2 tab)"}	GLOBAL	2026.10
A	alias.product.150	product.who.n02aj13.zaldiar_retard.150	Zaldiar retard	BRAND	ev.who.atc.combinations	GLOBAL	2026.10
N	product.who.n02aj14.skudexa_enanplus.151	product	atc.N02AJ14	Skudexa/ Enanplus	WHO 2026 combination/product reference for ATC N02AJ14	{"atc":"N02AJ14","brand":"Skudexa/ Enanplus","dosageForm":"tab","ingredients":"tramadol 75 mg/dexketoprofen 25 mg","ddd":"2 UD (=2 tab)"}	GLOBAL	2026.10
A	alias.product.151	product.who.n02aj14.skudexa_enanplus.151	Skudexa/ Enanplus	BRAND	ev.who.atc.combinations	GLOBAL	2026.10
N	product.who.n02ba51.migrafin.152	product	atc.N02BA51	Migrafin	WHO 2026 combination/product reference for ATC N02BA51	{"atc":"N02BA51","brand":"Migrafin","dosageForm":"powder, single dose sachets","ingredients":"acetylsalicylic acid 0.9 g/metoclopramide 10 mg","ddd":"3 UD (=3 sachets)"}	GLOBAL	2026.10
A	alias.product.152	product.who.n02ba51.migrafin.152	Migrafin	BRAND	ev.who.atc.combinations	GLOBAL	2026.10
N	product.who.n02ba51.treo.153	product	atc.N02BA51	Treo	WHO 2026 combination/product reference for ATC N02BA51	{"atc":"N02BA51","brand":"Treo","dosageForm":"eff tab","ingredients":"acetylsalicylic acid 500 mg/caffeine 50 mg","ddd":"6 UD (=6 eff tab)"}	GLOBAL	2026.10
A	alias.product.153	product.who.n02ba51.treo.153	Treo	BRAND	ev.who.atc.combinations	GLOBAL	2026.10
N	product.who.n02be51.paralen.154	product	atc.N02BE51	Paralen	WHO 2026 combination/product reference for ATC N02BE51	{"atc":"N02BE51","brand":"Paralen","dosageForm":"tab","ingredients":"paracetamol 250 mg/acetylsalicylic acid 250 mg/caffeine 50 mg","ddd":"6 UD (=6 tab)"}	GLOBAL	2026.10
A	alias.product.154	product.who.n02be51.paralen.154	Paralen	BRAND	ev.who.atc.combinations	GLOBAL	2026.10
N	product.who.n02be51.arax_extra_paracetduo_beechams_cold_relief.155	product	atc.N02BE51	Arax Extra®, ParacetDuo, Beechams Cold Relief	WHO 2026 combination/product reference for ATC N02BE51	{"atc":"N02BE51","brand":"Arax Extra®, ParacetDuo, Beechams Cold Relief","dosageForm":"tab","ingredients":"paracetamol 500 mg/caffeine 65 mg","ddd":"6 UD (=6 tab)"}	GLOBAL	2026.10
A	alias.product.155	product.who.n02be51.arax_extra_paracetduo_beechams_cold_relief.155	Arax Extra®, ParacetDuo, Beechams Cold Relief	BRAND	ev.who.atc.combinations	GLOBAL	2026.10
N	product.who.n02be51.arax_extra_paracetduo_beechams_cold_relief.156	product	atc.N02BE51	Arax Extra®, ParacetDuo, Beechams Cold Relief	WHO 2026 combination/product reference for ATC N02BE51	{"atc":"N02BE51","brand":"Arax Extra®, ParacetDuo, Beechams Cold Relief","dosageForm":"tab","ingredients":"paracetamol 1000 mg/caffeine 130 mg","ddd":"3 UD (=3 tab)"}	GLOBAL	2026.10
A	alias.product.156	product.who.n02be51.arax_extra_paracetduo_beechams_cold_relief.156	Arax Extra®, ParacetDuo, Beechams Cold Relief	BRAND	ev.who.atc.combinations	GLOBAL	2026.10
N	product.who.n02be51.comboval.157	product	atc.N02BE51	Comboval	WHO 2026 combination/product reference for ATC N02BE51	{"atc":"N02BE51","brand":"Comboval","dosageForm":"inf sol","ingredients":"paracetamol 1000 mg/300 mg ibuprofen per vial","ddd":"3 UD (=3 vials)"}	GLOBAL	2026.10
A	alias.product.157	product.who.n02be51.comboval.157	Comboval	BRAND	ev.who.atc.combinations	GLOBAL	2026.10
N	product.who.n02bg10.sativex.158	product	atc.N02BG10	Sativex	WHO 2026 combination/product reference for ATC N02BG10	{"atc":"N02BG10","brand":"Sativex","dosageForm":"oromucosal spray","ingredients":"delta-9-tetrahydrocannabinol (THC) 2.7 mg/cannabidiol (CBD) 2.5 mg","ddd":"8 UD (=8 sprays)"}	GLOBAL	2026.10
A	alias.product.158	product.who.n02bg10.sativex.158	Sativex	BRAND	ev.who.atc.combinations	GLOBAL	2026.10
N	product.who.n06ca02.deanxit.159	product	atc.N06CA02	Deanxit	WHO 2026 combination/product reference for ATC N06CA02	{"atc":"N06CA02","brand":"Deanxit","dosageForm":"tab","ingredients":"melitracen 10 mg/flupentixol 0.5 mg","ddd":"1 UD (=1 tab)"}	GLOBAL	2026.10
A	alias.product.159	product.who.n06ca02.deanxit.159	Deanxit	BRAND	ev.who.atc.combinations	GLOBAL	2026.10
N	product.who.n06ca03.symbyax.160	product	atc.N06CA03	Symbyax	WHO 2026 combination/product reference for ATC N06CA03	{"atc":"N06CA03","brand":"Symbyax","dosageForm":"caps","ingredients":"fluoxetine 25 mg/olanzapine 3 mg","ddd":"1 UD (=1 tab)"}	GLOBAL	2026.10
A	alias.product.160	product.who.n06ca03.symbyax.160	Symbyax	BRAND	ev.who.atc.combinations	GLOBAL	2026.10
N	product.who.n06ca03.symbyax.161	product	atc.N06CA03	Symbyax	WHO 2026 combination/product reference for ATC N06CA03	{"atc":"N06CA03","brand":"Symbyax","dosageForm":"caps","ingredients":"fluoxetine 25 mg/olanzapine 6 mg","ddd":"1 UD (=1 tab)"}	GLOBAL	2026.10
A	alias.product.161	product.who.n06ca03.symbyax.161	Symbyax	BRAND	ev.who.atc.combinations	GLOBAL	2026.10
N	product.who.n06ca03.symbyax.162	product	atc.N06CA03	Symbyax	WHO 2026 combination/product reference for ATC N06CA03	{"atc":"N06CA03","brand":"Symbyax","dosageForm":"caps","ingredients":"fluoxetine 25 mg/olanzapine 12 mg","ddd":"1 UD (=1 tab)"}	GLOBAL	2026.10
A	alias.product.162	product.who.n06ca03.symbyax.162	Symbyax	BRAND	ev.who.atc.combinations	GLOBAL	2026.10
N	product.who.n06ca03.symbyax.163	product	atc.N06CA03	Symbyax	WHO 2026 combination/product reference for ATC N06CA03	{"atc":"N06CA03","brand":"Symbyax","dosageForm":"caps","ingredients":"fluoxetine 50 mg/olanzapine 6 mg","ddd":"1 UD (=1 tab)"}	GLOBAL	2026.10
A	alias.product.163	product.who.n06ca03.symbyax.163	Symbyax	BRAND	ev.who.atc.combinations	GLOBAL	2026.10
N	product.who.n06ca03.symbyax.164	product	atc.N06CA03	Symbyax	WHO 2026 combination/product reference for ATC N06CA03	{"atc":"N06CA03","brand":"Symbyax","dosageForm":"caps","ingredients":"fluoxetine 50 mg/olanzapine 12 mg","ddd":"1 UD (=1 tab)"}	GLOBAL	2026.10
A	alias.product.164	product.who.n06ca03.symbyax.164	Symbyax	BRAND	ev.who.atc.combinations	GLOBAL	2026.10
N	product.who.n07aa51.robinul_neostigmine.165	product	atc.N07AA51	Robinul-Neostigmine	WHO 2026 combination/product reference for ATC N07AA51	{"atc":"N07AA51","brand":"Robinul-Neostigmine","dosageForm":"inj","ingredients":"glycopyrronium 0.5 mg/neostigmine 2.5 mg","ddd":"1 UD (=1ml)"}	GLOBAL	2026.10
A	alias.product.165	product.who.n07aa51.robinul_neostigmine.165	Robinul-Neostigmine	BRAND	ev.who.atc.combinations	GLOBAL	2026.10
N	product.who.n07xx19.albrioza_relyvrio.166	product	atc.N07XX19	Albrioza/Relyvrio	WHO 2026 combination/product reference for ATC N07XX19	{"atc":"N07XX19","brand":"Albrioza/Relyvrio","dosageForm":"powder, single dose sachets","ingredients":"sodium phenylbutyrate 3 g/ursodoxicoltaurine 1 g","ddd":"2 UD (=2 sachets)"}	GLOBAL	2026.10
A	alias.product.166	product.who.n07xx19.albrioza_relyvrio.166	Albrioza/Relyvrio	BRAND	ev.who.atc.combinations	GLOBAL	2026.10
N	product.who.p01aa30.interix.167	product	atc.P01AA30	Interix	WHO 2026 combination/product reference for ATC P01AA30	{"atc":"P01AA30","brand":"Interix","dosageForm":"caps","ingredients":"tilbroquinol 0.2 g/and tiliquinol 0.1 g","ddd":"4 UD (=4 caps)"}	GLOBAL	2026.10
A	alias.product.167	product.who.p01aa30.interix.167	Interix	BRAND	ev.who.atc.combinations	GLOBAL	2026.10
N	product.who.p01ab51.metrolex_f.168	product	atc.P01AB51	Metrolex-F	WHO 2026 combination/product reference for ATC P01AB51	{"atc":"P01AB51","brand":"Metrolex-F","dosageForm":"tab","ingredients":"metronidazole 0.4 g/ furazolidone 0.1 g","ddd":"5 UD (=5 tab)"}	GLOBAL	2026.10
A	alias.product.168	product.who.p01ab51.metrolex_f.168	Metrolex-F	BRAND	ev.who.atc.combinations	GLOBAL	2026.10
N	product.who.p01ab52.entamizole_ds.169	product	atc.P01AB52	Entamizole DS	WHO 2026 combination/product reference for ATC P01AB52	{"atc":"P01AB52","brand":"Entamizole DS","dosageForm":"tab","ingredients":"metronidazole 0.4 g/diloxanide 0.5 g","ddd":"3 UD (=3 tab)"}	GLOBAL	2026.10
A	alias.product.169	product.who.p01ab52.entamizole_ds.169	Entamizole DS	BRAND	ev.who.atc.combinations	GLOBAL	2026.10
N	product.who.p01ab52.entamizole.170	product	atc.P01AB52	Entamizole	WHO 2026 combination/product reference for ATC P01AB52	{"atc":"P01AB52","brand":"Entamizole","dosageForm":"tab","ingredients":"metronidazole 0.2 g/diloxanide 0.25 g","ddd":"6 UD (=6 tab)"}	GLOBAL	2026.10
A	alias.product.170	product.who.p01ab52.entamizole.170	Entamizole	BRAND	ev.who.atc.combinations	GLOBAL	2026.10
N	product.who.p01ab52.entamizole.171	product	atc.P01AB52	Entamizole	WHO 2026 combination/product reference for ATC P01AB52	{"atc":"P01AB52","brand":"Entamizole","dosageForm":"oral sol","ingredients":"metronidazole 0.1 g/diloxanide 0.125 g/5 ml","ddd":"12 UD (=60 ml) (one UD =5 ml)"}	GLOBAL	2026.10
A	alias.product.171	product.who.p01ab52.entamizole.171	Entamizole	BRAND	ev.who.atc.combinations	GLOBAL	2026.10
N	product.who.p01bb51.malarone.172	product	atc.P01BB51	Malarone	WHO 2026 combination/product reference for ATC P01BB51	{"atc":"P01BB51","brand":"Malarone","dosageForm":"tab","ingredients":"atovaquone 0.25 g/proguanil hydrochloride 0.1 g","ddd":"4 UD (=4 tab)"}	GLOBAL	2026.10
A	alias.product.172	product.who.p01bb51.malarone.172	Malarone	BRAND	ev.who.atc.combinations	GLOBAL	2026.10
N	product.who.p01bb51.malarone_junior.173	product	atc.P01BB51	Malarone junior	WHO 2026 combination/product reference for ATC P01BB51	{"atc":"P01BB51","brand":"Malarone junior","dosageForm":"tab","ingredients":"atovaquone 62.5 mg/proguanil hydrochloride 25 mg","ddd":"16 UD (=16 tab)"}	GLOBAL	2026.10
A	alias.product.173	product.who.p01bb51.malarone_junior.173	Malarone junior	BRAND	ev.who.atc.combinations	GLOBAL	2026.10
N	product.who.p01bb52.savarine.174	product	atc.P01BB52	Savarine	WHO 2026 combination/product reference for ATC P01BB52	{"atc":"P01BB52","brand":"Savarine","dosageForm":"caps","ingredients":"proguanil 0.2 g/chloroquine 0.1 g","ddd":"1 UD (=1 caps)"}	GLOBAL	2026.10
A	alias.product.174	product.who.p01bb52.savarine.174	Savarine	BRAND	ev.who.atc.combinations	GLOBAL	2026.10
N	product.who.p01bf02.artequin.175	product	atc.P01BF02	Artequin	WHO 2026 combination/product reference for ATC P01BF02	{"atc":"P01BF02","brand":"Artequin","dosageForm":"tab","ingredients":"artesunate 0.6 g/mefloquine 0.75 g","ddd":"1 UD (=1 tab)"}	GLOBAL	2026.10
A	alias.product.175	product.who.p01bf02.artequin.175	Artequin	BRAND	ev.who.atc.combinations	GLOBAL	2026.10
N	product.who.p01bf02.artequin.176	product	atc.P01BF02	Artequin	WHO 2026 combination/product reference for ATC P01BF02	{"atc":"P01BF02","brand":"Artequin","dosageForm":"tab","ingredients":"artesunate 0.3 g/mefloquine 0.375 g","ddd":"2 UD (=2 tab)"}	GLOBAL	2026.10
A	alias.product.176	product.who.p01bf02.artequin.176	Artequin	BRAND	ev.who.atc.combinations	GLOBAL	2026.10
N	product.who.p01bf02.artequin_pediatrique.177	product	atc.P01BF02	Artequin pediatrique	WHO 2026 combination/product reference for ATC P01BF02	{"atc":"P01BF02","brand":"Artequin pediatrique","dosageForm":"tab","ingredients":"artesunate 50 mg/mefloquine 0.125 g","ddd":"6 UD (=6 tab)"}	GLOBAL	2026.10
A	alias.product.177	product.who.p01bf02.artequin_pediatrique.177	Artequin pediatrique	BRAND	ev.who.atc.combinations	GLOBAL	2026.10
N	product.who.p01bf03.coarsucam.178	product	atc.P01BF03	Coarsucam	WHO 2026 combination/product reference for ATC P01BF03	{"atc":"P01BF03","brand":"Coarsucam","dosageForm":"tab","ingredients":"artesunate 25 mg/amodiaquine 67.5 mg","ddd":"8 UD (=8 tab)"}	GLOBAL	2026.10
A	alias.product.178	product.who.p01bf03.coarsucam.178	Coarsucam	BRAND	ev.who.atc.combinations	GLOBAL	2026.10
N	product.who.p01bf03.coarsucam.179	product	atc.P01BF03	Coarsucam	WHO 2026 combination/product reference for ATC P01BF03	{"atc":"P01BF03","brand":"Coarsucam","dosageForm":"tab","ingredients":"artesunate 50 mg/amodiaquine 0.135 g","ddd":"4 UD (=4 tab)"}	GLOBAL	2026.10
A	alias.product.179	product.who.p01bf03.coarsucam.179	Coarsucam	BRAND	ev.who.atc.combinations	GLOBAL	2026.10
N	product.who.p01bf03.coarsucam.180	product	atc.P01BF03	Coarsucam	WHO 2026 combination/product reference for ATC P01BF03	{"atc":"P01BF03","brand":"Coarsucam","dosageForm":"tab","ingredients":"artesunate 0.1 g/ amodiaquine 0.27 g","ddd":"2 UD (=2 tab)"}	GLOBAL	2026.10
A	alias.product.180	product.who.p01bf03.coarsucam.180	Coarsucam	BRAND	ev.who.atc.combinations	GLOBAL	2026.10
N	product.who.p01bf04.asu_denk_fixed_dose_co_arinate_adulte.181	product	atc.P01BF04	Asu-Denk fixed dose / Co-Arinate Adulte	WHO 2026 combination/product reference for ATC P01BF04	{"atc":"P01BF04","brand":"Asu-Denk fixed dose / Co-Arinate Adulte","dosageForm":"tab","ingredients":"artesunate 0.2 g/sulfalene 0.5 g/pyrimethamine 25 mg","ddd":"1 UD (=1 tab)"}	GLOBAL	2026.10
A	alias.product.181	product.who.p01bf04.asu_denk_fixed_dose_co_arinate_adulte.181	Asu-Denk fixed dose / Co-Arinate Adulte	BRAND	ev.who.atc.combinations	GLOBAL	2026.10
N	product.who.p01bf04.co_arinate_enfant.182	product	atc.P01BF04	Co-Arinate Enfant	WHO 2026 combination/product reference for ATC P01BF04	{"atc":"P01BF04","brand":"Co-Arinate Enfant","dosageForm":"tab","ingredients":"artesunate 0.1 g/sulfalene 0.25 g/ pyrimethamine 12.5 mg","ddd":"2 UD (=2 tab)"}	GLOBAL	2026.10
A	alias.product.182	product.who.p01bf04.co_arinate_enfant.182	Co-Arinate Enfant	BRAND	ev.who.atc.combinations	GLOBAL	2026.10
N	product.who.p01bf05.eurartesim.183	product	atc.P01BF05	Eurartesim	WHO 2026 combination/product reference for ATC P01BF05	{"atc":"P01BF05","brand":"Eurartesim","dosageForm":"tab","ingredients":"artenimol (dihydroartemisinin) 20 mg/piperaquine 160 mg","ddd":"6 UD (=6 tab)"}	GLOBAL	2026.10
A	alias.product.183	product.who.p01bf05.eurartesim.183	Eurartesim	BRAND	ev.who.atc.combinations	GLOBAL	2026.10
N	product.who.p01bf05.eurartesim.184	product	atc.P01BF05	Eurartesim	WHO 2026 combination/product reference for ATC P01BF05	{"atc":"P01BF05","brand":"Eurartesim","dosageForm":"tab","ingredients":"artenimol (dihydroartemisinin) 40 mg/piperaquine 320 mg","ddd":"3 UD (=3 tab)"}	GLOBAL	2026.10
A	alias.product.184	product.who.p01bf05.eurartesim.184	Eurartesim	BRAND	ev.who.atc.combinations	GLOBAL	2026.10
N	product.who.p01bf07.artequick.185	product	atc.P01BF07	Artequick	WHO 2026 combination/product reference for ATC P01BF07	{"atc":"P01BF07","brand":"Artequick","dosageForm":"tab","ingredients":"artemisinin 62.5 mg/piperaquine 0.375 g","ddd":"3 UD (=3 tab)"}	GLOBAL	2026.10
A	alias.product.185	product.who.p01bf07.artequick.185	Artequick	BRAND	ev.who.atc.combinations	GLOBAL	2026.10
N	product.who.p01bf08.arco.186	product	atc.P01BF08	Arco	WHO 2026 combination/product reference for ATC P01BF08	{"atc":"P01BF08","brand":"Arco","dosageForm":"tab","ingredients":"artemisinin 0.125 g/naphthoquine 50 mg","ddd":"8 UD (=8 tab)"}	GLOBAL	2026.10
A	alias.product.186	product.who.p01bf08.arco.186	Arco	BRAND	ev.who.atc.combinations	GLOBAL	2026.10
N	product.who.p01bf09.alaxin_plus.187	product	atc.P01BF09	Alaxin plus	WHO 2026 combination/product reference for ATC P01BF09	{"atc":"P01BF09","brand":"Alaxin plus","dosageForm":"tab","ingredients":"artesunate 60 mg/sulfadoxine 0.5 g/pyrimethamine 25 mg","ddd":"3 UD (=3 tab)"}	GLOBAL	2026.10
A	alias.product.187	product.who.p01bf09.alaxin_plus.187	Alaxin plus	BRAND	ev.who.atc.combinations	GLOBAL	2026.10
N	product.who.r01ad58.dymista.188	product	atc.R01AD58	Dymista	WHO 2026 combination/product reference for ATC R01AD58	{"atc":"R01AD58","brand":"Dymista","dosageForm":"nasal spray","ingredients":"fluticasone propionate 50 mcg/azelastine 137 mcg","ddd":"4 UD (=4 sprays)"}	GLOBAL	2026.10
A	alias.product.188	product.who.r01ad58.dymista.188	Dymista	BRAND	ev.who.atc.combinations	GLOBAL	2026.10
N	product.who.r01ad59.ryaltris.189	product	atc.R01AD59	Ryaltris	WHO 2026 combination/product reference for ATC R01AD59	{"atc":"R01AD59","brand":"Ryaltris","dosageForm":"nasal spray","ingredients":"mometasone 25 mcg/600 mcg olopatadine","ddd":"8 UD (=8 sprays)"}	GLOBAL	2026.10
A	alias.product.189	product.who.r01ad59.ryaltris.189	Ryaltris	BRAND	ev.who.atc.combinations	GLOBAL	2026.10
N	product.who.r03ak06.seretide.190	product	atc.R03AK06	Seretide	WHO 2026 combination/product reference for ATC R03AK06	{"atc":"R03AK06","brand":"Seretide","dosageForm":"inhal powd","ingredients":"salmeterol 50 mcg/fluticasone 0.1 mg (metered dose)","ddd":"2 UD (=2 inhal powd)"}	GLOBAL	2026.10
A	alias.product.190	product.who.r03ak06.seretide.190	Seretide	BRAND	ev.who.atc.combinations	GLOBAL	2026.10
N	product.who.r03ak06.seretide.191	product	atc.R03AK06	Seretide	WHO 2026 combination/product reference for ATC R03AK06	{"atc":"R03AK06","brand":"Seretide","dosageForm":"inhal powd","ingredients":"salmeterol 50 mcg/fluticasone 0.25 mg (metered dose)","ddd":"2 UD (=2 inhal powd)"}	GLOBAL	2026.10
A	alias.product.191	product.who.r03ak06.seretide.191	Seretide	BRAND	ev.who.atc.combinations	GLOBAL	2026.10
N	product.who.r03ak06.seretide.192	product	atc.R03AK06	Seretide	WHO 2026 combination/product reference for ATC R03AK06	{"atc":"R03AK06","brand":"Seretide","dosageForm":"inhal powd","ingredients":"salmeterol 50 mcg/fluticasone 0.5 mg (metered dose)","ddd":"2 UD (=2 inhal powd)"}	GLOBAL	2026.10
A	alias.product.192	product.who.r03ak06.seretide.192	Seretide	BRAND	ev.who.atc.combinations	GLOBAL	2026.10
N	product.who.r03ak06.seretide.193	product	atc.R03AK06	Seretide	WHO 2026 combination/product reference for ATC R03AK06	{"atc":"R03AK06","brand":"Seretide","dosageForm":"inhal aer","ingredients":"salmeterol 25 mcg/fluticasone 50 mcg (metered dose)","ddd":"4 UD (=4 doses inhal aer)"}	GLOBAL	2026.10
A	alias.product.193	product.who.r03ak06.seretide.193	Seretide	BRAND	ev.who.atc.combinations	GLOBAL	2026.10
N	product.who.r03ak06.seretide.194	product	atc.R03AK06	Seretide	WHO 2026 combination/product reference for ATC R03AK06	{"atc":"R03AK06","brand":"Seretide","dosageForm":"inhal aer","ingredients":"salmeterol 25 mcg/fluticasone 0.125 mg (metered dose)","ddd":"4 UD (=4 doses inhal aer)"}	GLOBAL	2026.10
A	alias.product.194	product.who.r03ak06.seretide.194	Seretide	BRAND	ev.who.atc.combinations	GLOBAL	2026.10
N	product.who.r03ak06.seretide.195	product	atc.R03AK06	Seretide	WHO 2026 combination/product reference for ATC R03AK06	{"atc":"R03AK06","brand":"Seretide","dosageForm":"inhal aer","ingredients":"salmeterol 25 mcg/fluticasone 0.25 mg (metered dose)","ddd":"4 UD (=4 doses inhal aer)"}	GLOBAL	2026.10
A	alias.product.195	product.who.r03ak06.seretide.195	Seretide	BRAND	ev.who.atc.combinations	GLOBAL	2026.10
N	product.who.r03ak07.symbicort_mite.196	product	atc.R03AK07	Symbicort mite	WHO 2026 combination/product reference for ATC R03AK07	{"atc":"R03AK07","brand":"Symbicort mite","dosageForm":"inhal powd turbohaler","ingredients":"formoterol 4.5 mcg/budesonide 80 mcg (delivered dose)","ddd":"4 UD (=4 inhal powd)"}	GLOBAL	2026.10
A	alias.product.196	product.who.r03ak07.symbicort_mite.196	Symbicort mite	BRAND	ev.who.atc.combinations	GLOBAL	2026.10
N	product.who.r03ak07.symbicort.197	product	atc.R03AK07	Symbicort	WHO 2026 combination/product reference for ATC R03AK07	{"atc":"R03AK07","brand":"Symbicort","dosageForm":"inhal powd turbohaler","ingredients":"formoterol 4.5 mcg/budesonide 0.16 mg (delivered dose)","ddd":"4 UD (=4 inhal powd)"}	GLOBAL	2026.10
A	alias.product.197	product.who.r03ak07.symbicort.197	Symbicort	BRAND	ev.who.atc.combinations	GLOBAL	2026.10
N	product.who.r03ak07.symbicort_forte.198	product	atc.R03AK07	Symbicort forte	WHO 2026 combination/product reference for ATC R03AK07	{"atc":"R03AK07","brand":"Symbicort forte","dosageForm":"inhal powd Turbohaler","ingredients":"formoterol 9 mcg/budesonide 0.32 mg (delivered dose)","ddd":"2 UD (=2 inhal powd)"}	GLOBAL	2026.10
A	alias.product.198	product.who.r03ak07.symbicort_forte.198	Symbicort forte	BRAND	ev.who.atc.combinations	GLOBAL	2026.10
N	product.who.r03ak08.foster.199	product	atc.R03AK08	Foster	WHO 2026 combination/product reference for ATC R03AK08	{"atc":"R03AK08","brand":"Foster","dosageForm":"inhal aer","ingredients":"formoterol 6 mcg/beclometasone 0.1 mg (metered dose)","ddd":"4 UD (=4 doses inhal aer)"}	GLOBAL	2026.10
A	alias.product.199	product.who.r03ak08.foster.199	Foster	BRAND	ev.who.atc.combinations	GLOBAL	2026.10
N	product.who.r03ak08.foster_fostair.200	product	atc.R03AK08	Foster / Fostair	WHO 2026 combination/product reference for ATC R03AK08	{"atc":"R03AK08","brand":"Foster / Fostair","dosageForm":"inhal sol","ingredients":"formoterol 6 mcg/beclometasone 0.2 mg","ddd":"4 UD (=4 doses inhal sol)"}	GLOBAL	2026.10
A	alias.product.200	product.who.r03ak08.foster_fostair.200	Foster / Fostair	BRAND	ev.who.atc.combinations	GLOBAL	2026.10
N	product.who.r03ak10.relvar_ellipta.201	product	atc.R03AK10	Relvar Ellipta	WHO 2026 combination/product reference for ATC R03AK10	{"atc":"R03AK10","brand":"Relvar Ellipta","dosageForm":"inhal powd","ingredients":"fluticasone furoate 92 mcg/vilanterol 22 mcg (delivered dose)","ddd":"1 UD (=1 dose inhal powd)"}	GLOBAL	2026.10
A	alias.product.201	product.who.r03ak10.relvar_ellipta.201	Relvar Ellipta	BRAND	ev.who.atc.combinations	GLOBAL	2026.10
N	product.who.r03ak10.breo_ellipta.202	product	atc.R03AK10	Breo Ellipta	WHO 2026 combination/product reference for ATC R03AK10	{"atc":"R03AK10","brand":"Breo Ellipta","dosageForm":"inhal powd","ingredients":"fluticasone furoate 100 mcg/vilanterol 25 mcg (metered dose)","ddd":"1 UD (=1 dose inhal powd)"}	GLOBAL	2026.10
A	alias.product.202	product.who.r03ak10.breo_ellipta.202	Breo Ellipta	BRAND	ev.who.atc.combinations	GLOBAL	2026.10
N	product.who.r03ak10.relvar_ellipta.203	product	atc.R03AK10	Relvar Ellipta	WHO 2026 combination/product reference for ATC R03AK10	{"atc":"R03AK10","brand":"Relvar Ellipta","dosageForm":"inhal powd","ingredients":"fluticasone furoate 184 mcg/vilanterol 22 mcg (delivered dose)","ddd":"1 UD (=1 dose inhal powd)"}	GLOBAL	2026.10
A	alias.product.203	product.who.r03ak10.relvar_ellipta.203	Relvar Ellipta	BRAND	ev.who.atc.combinations	GLOBAL	2026.10
N	product.who.r03ak10.breo_ellipta.204	product	atc.R03AK10	Breo Ellipta	WHO 2026 combination/product reference for ATC R03AK10	{"atc":"R03AK10","brand":"Breo Ellipta","dosageForm":"inhal powd","ingredients":"fluticasone furoate 200 mcg/vilanterol 25 mcg (metered dose)","ddd":"1 UD (=1 dose inhal powd)"}	GLOBAL	2026.10
A	alias.product.204	product.who.r03ak10.breo_ellipta.204	Breo Ellipta	BRAND	ev.who.atc.combinations	GLOBAL	2026.10
N	product.who.r03ak11.flutiform_iffeza.205	product	atc.R03AK11	Flutiform/ Iffeza	WHO 2026 combination/product reference for ATC R03AK11	{"atc":"R03AK11","brand":"Flutiform/ Iffeza","dosageForm":"inhal aer","ingredients":"formoterol 5 mcg/fluticasone 50 mcg","ddd":"4 UD (= 4 doses inhal aerosol)"}	GLOBAL	2026.10
A	alias.product.205	product.who.r03ak11.flutiform_iffeza.205	Flutiform/ Iffeza	BRAND	ev.who.atc.combinations	GLOBAL	2026.10
N	product.who.r03ak11.flutiform_iffeza.206	product	atc.R03AK11	Flutiform/ Iffeza	WHO 2026 combination/product reference for ATC R03AK11	{"atc":"R03AK11","brand":"Flutiform/ Iffeza","dosageForm":"inhal aer","ingredients":"formoterol 5 mcg/fluticasone 125 mcg","ddd":"4 UD (= 4 doses inhal aerosol)"}	GLOBAL	2026.10
A	alias.product.206	product.who.r03ak11.flutiform_iffeza.206	Flutiform/ Iffeza	BRAND	ev.who.atc.combinations	GLOBAL	2026.10
N	product.who.r03ak11.flutiform_iffeza.207	product	atc.R03AK11	Flutiform/ Iffeza	WHO 2026 combination/product reference for ATC R03AK11	{"atc":"R03AK11","brand":"Flutiform/ Iffeza","dosageForm":"inhal aer","ingredients":"formoterol 10 mcg/fluticasone 250 mcg","ddd":"2 UD (= 2 doses inhal aerosol)"}	GLOBAL	2026.10
A	alias.product.207	product.who.r03ak11.flutiform_iffeza.207	Flutiform/ Iffeza	BRAND	ev.who.atc.combinations	GLOBAL	2026.10
N	product.who.r03ak13.clenil_compositum.208	product	atc.R03AK13	Clenil Compositum	WHO 2026 combination/product reference for ATC R03AK13	{"atc":"R03AK13","brand":"Clenil Compositum","dosageForm":"inhal aer","ingredients":"salbutamol 100 mcg/beclometasone 250 mcg","ddd":"4 UD (=4 doses inhal aerosol)"}	GLOBAL	2026.10
A	alias.product.208	product.who.r03ak13.clenil_compositum.208	Clenil Compositum	BRAND	ev.who.atc.combinations	GLOBAL	2026.10
N	product.who.r03ak13.clenil_compositum.209	product	atc.R03AK13	Clenil Compositum	WHO 2026 combination/product reference for ATC R03AK13	{"atc":"R03AK13","brand":"Clenil Compositum","dosageForm":"inhal aer","ingredients":"salbutamol 100 mcg/beclometasone 50 mcg","ddd":"8 UD (=8 doses inhal aerosol)"}	GLOBAL	2026.10
A	alias.product.209	product.who.r03ak13.clenil_compositum.209	Clenil Compositum	BRAND	ev.who.atc.combinations	GLOBAL	2026.10
N	product.who.r03ak13.clenil_compositum.210	product	atc.R03AK13	Clenil Compositum	WHO 2026 combination/product reference for ATC R03AK13	{"atc":"R03AK13","brand":"Clenil Compositum","dosageForm":"inhal sol","ingredients":"salbutamol 1.6 mg/beclometasone 0.8 mg","ddd":"2 UD (=2 vials inhal sol)"}	GLOBAL	2026.10
A	alias.product.210	product.who.r03ak13.clenil_compositum.210	Clenil Compositum	BRAND	ev.who.atc.combinations	GLOBAL	2026.10
N	product.who.r03ak14.bemrist_breezhaler.211	product	atc.R03AK14	Bemrist Breezhaler	WHO 2026 combination/product reference for ATC R03AK14	{"atc":"R03AK14","brand":"Bemrist Breezhaler","dosageForm":"inhal powd","ingredients":"indacaterol 125 mcg/mometasone 62.5 mcg","ddd":"1 UD (=1 dose inhal powd)"}	GLOBAL	2026.10
A	alias.product.211	product.who.r03ak14.bemrist_breezhaler.211	Bemrist Breezhaler	BRAND	ev.who.atc.combinations	GLOBAL	2026.10
N	product.who.r03ak14.bemrist_breezhaler.212	product	atc.R03AK14	Bemrist Breezhaler	WHO 2026 combination/product reference for ATC R03AK14	{"atc":"R03AK14","brand":"Bemrist Breezhaler","dosageForm":"inhal powd","ingredients":"indacaterol 125 mcg/mometasone 127.5 mcg","ddd":"1 UD (=1 dose inhal powd)"}	GLOBAL	2026.10
A	alias.product.212	product.who.r03ak14.bemrist_breezhaler.212	Bemrist Breezhaler	BRAND	ev.who.atc.combinations	GLOBAL	2026.10
N	product.who.r03ak14.bemrist_breezhaler.213	product	atc.R03AK14	Bemrist Breezhaler	WHO 2026 combination/product reference for ATC R03AK14	{"atc":"R03AK14","brand":"Bemrist Breezhaler","dosageForm":"inhal powd","ingredients":"indacaterol 125 mcg/mometasone 260 mcg","ddd":"1 UD (=1 dose inhal powd)"}	GLOBAL	2026.10
A	alias.product.213	product.who.r03ak14.bemrist_breezhaler.213	Bemrist Breezhaler	BRAND	ev.who.atc.combinations	GLOBAL	2026.10
N	product.who.r03al01.berodual.214	product	atc.R03AL01	Berodual	WHO 2026 combination/product reference for ATC R03AL01	{"atc":"R03AL01","brand":"Berodual","dosageForm":"inhal aer","ingredients":"fenoterol 50 mcg/ipratropium bromide 20 mcg","ddd":"6 UD (=6 doses inhal aer)"}	GLOBAL	2026.10
A	alias.product.214	product.who.r03al01.berodual.214	Berodual	BRAND	ev.who.atc.combinations	GLOBAL	2026.10
N	product.who.r03al01.duovent_udvs_berodual.215	product	atc.R03AL01	Duovent UDVs , Berodual	WHO 2026 combination/product reference for ATC R03AL01	{"atc":"R03AL01","brand":"Duovent UDVs , Berodual","dosageForm":"inhal sol","ingredients":"fenoterol 1.25 mg /ipratropium bromide 0.5 mg","ddd":"3 UD (=3 vials)"}	GLOBAL	2026.10
A	alias.product.215	product.who.r03al01.duovent_udvs_berodual.215	Duovent UDVs , Berodual	BRAND	ev.who.atc.combinations	GLOBAL	2026.10
N	product.who.r03al01.berodual.216	product	atc.R03AL01	Berodual	WHO 2026 combination/product reference for ATC R03AL01	{"atc":"R03AL01","brand":"Berodual","dosageForm":"inhal sol","ingredients":"fenoterol 0.5 mg/ipratropium bromide 0.25 mg","ddd":"6 UD (=6 vials)"}	GLOBAL	2026.10
A	alias.product.216	product.who.r03al01.berodual.216	Berodual	BRAND	ev.who.atc.combinations	GLOBAL	2026.10
N	product.who.r03al02.combivent.217	product	atc.R03AL02	Combivent	WHO 2026 combination/product reference for ATC R03AL02	{"atc":"R03AL02","brand":"Combivent","dosageForm":"inhal aer","ingredients":"salbutamol 0.12 mg/ipratropium bromide 20 mcg","ddd":"6 UD (=6 doses inhal aer)"}	GLOBAL	2026.10
A	alias.product.217	product.who.r03al02.combivent.217	Combivent	BRAND	ev.who.atc.combinations	GLOBAL	2026.10
N	product.who.r03al02.combivent_unit_dose.218	product	atc.R03AL02	Combivent Unit Dose	WHO 2026 combination/product reference for ATC R03AL02	{"atc":"R03AL02","brand":"Combivent Unit Dose","dosageForm":"inhal sol","ingredients":"salbutamol 2.5 mg/ipratropium bromide 0.5 mg/vial:2.5 ml","ddd":"3 UD (=3 vials inhal sol)"}	GLOBAL	2026.10
A	alias.product.218	product.who.r03al02.combivent_unit_dose.218	Combivent Unit Dose	BRAND	ev.who.atc.combinations	GLOBAL	2026.10
N	product.who.r03al03.anoro_laventair.219	product	atc.R03AL03	Anoro/Laventair	WHO 2026 combination/product reference for ATC R03AL03	{"atc":"R03AL03","brand":"Anoro/Laventair","dosageForm":"inhal powd","ingredients":"vilanterol 22 mcg/umeclidinium 55 mcg (delivered dose)","ddd":"1 UD (=1 dose inhal powd)"}	GLOBAL	2026.10
A	alias.product.219	product.who.r03al03.anoro_laventair.219	Anoro/Laventair	BRAND	ev.who.atc.combinations	GLOBAL	2026.10
N	product.who.r03al03.anoro_ellipta.220	product	atc.R03AL03	Anoro Ellipta	WHO 2026 combination/product reference for ATC R03AL03	{"atc":"R03AL03","brand":"Anoro Ellipta","dosageForm":"inhal powd","ingredients":"vilanterol 25 mcg/umeclidinium 62.5 mcg (metered dose)","ddd":"1 UD (=1 dose inhal powd)"}	GLOBAL	2026.10
A	alias.product.220	product.who.r03al03.anoro_ellipta.220	Anoro Ellipta	BRAND	ev.who.atc.combinations	GLOBAL	2026.10
N	product.who.r03al04.ultibro_breezhaler.221	product	atc.R03AL04	Ultibro Breezhaler	WHO 2026 combination/product reference for ATC R03AL04	{"atc":"R03AL04","brand":"Ultibro Breezhaler","dosageForm":"inhal powd","ingredients":"indacaterol 85 mcg/glycopyrronium bromide 43 mcg (delivered dose)","ddd":"1 UD (=1 dose inhal powd)"}	GLOBAL	2026.10
A	alias.product.221	product.who.r03al04.ultibro_breezhaler.221	Ultibro Breezhaler	BRAND	ev.who.atc.combinations	GLOBAL	2026.10
N	product.who.r03al05.duaklir_genuair.222	product	atc.R03AL05	Duaklir Genuair	WHO 2026 combination/product reference for ATC R03AL05	{"atc":"R03AL05","brand":"Duaklir Genuair","dosageForm":"inhal powd","ingredients":"formoterol 12 mcg/aclidinium bromide 340 mcg","ddd":"2 UD (=2 doses inhal powd)"}	GLOBAL	2026.10
A	alias.product.222	product.who.r03al05.duaklir_genuair.222	Duaklir Genuair	BRAND	ev.who.atc.combinations	GLOBAL	2026.10
N	product.who.r03al06.spiolto_stiolto_respimat.223	product	atc.R03AL06	Spiolto / Stiolto Respimat	WHO 2026 combination/product reference for ATC R03AL06	{"atc":"R03AL06","brand":"Spiolto / Stiolto Respimat","dosageForm":"inhal sol","ingredients":"olodaterol 2.5 mcg/tiotropium bromide 2.5 mcg","ddd":"2 UD (=2 doses inhal sol)"}	GLOBAL	2026.10
A	alias.product.223	product.who.r03al06.spiolto_stiolto_respimat.223	Spiolto / Stiolto Respimat	BRAND	ev.who.atc.combinations	GLOBAL	2026.10
N	product.who.r03al07.bevespi_aerosphere.224	product	atc.R03AL07	Bevespi Aerosphere	WHO 2026 combination/product reference for ATC R03AL07	{"atc":"R03AL07","brand":"Bevespi Aerosphere","dosageForm":"inhal aer","ingredients":"formoterol 5 mcg/glycopyrronium bromide9 mcg(corresponds to 7.2 mcg glycopyrronium)","ddd":"4 UD (=4 doses inhal aer)"}	GLOBAL	2026.10
A	alias.product.224	product.who.r03al07.bevespi_aerosphere.224	Bevespi Aerosphere	BRAND	ev.who.atc.combinations	GLOBAL	2026.10
N	product.who.r03al08.trelegy_ellipta.225	product	atc.R03AL08	Trelegy Ellipta	WHO 2026 combination/product reference for ATC R03AL08	{"atc":"R03AL08","brand":"Trelegy Ellipta","dosageForm":"inhal powd","ingredients":"vilanterol 22 mcg/umeclidinium bromide 55 mcg/fluticasone furoate 92 mcg (delivered dose)","ddd":"1 UD (= 1 dose inhal powd)"}	GLOBAL	2026.10
A	alias.product.225	product.who.r03al08.trelegy_ellipta.225	Trelegy Ellipta	BRAND	ev.who.atc.combinations	GLOBAL	2026.10
N	product.who.r03al09.trimbow.226	product	atc.R03AL09	Trimbow	WHO 2026 combination/product reference for ATC R03AL09	{"atc":"R03AL09","brand":"Trimbow","dosageForm":"inhal aer","ingredients":"formoterol 5 mcg/glycopyrronium9 mcg/beclometasone 87 mcg (delivered dose)","ddd":"4 UD (=4 doses inhal aer)"}	GLOBAL	2026.10
A	alias.product.226	product.who.r03al09.trimbow.226	Trimbow	BRAND	ev.who.atc.combinations	GLOBAL	2026.10
N	product.who.r03al09.trimbow.227	product	atc.R03AL09	Trimbow	WHO 2026 combination/product reference for ATC R03AL09	{"atc":"R03AL09","brand":"Trimbow","dosageForm":"inhal aer","ingredients":"formoterol 5 mcg/glycopyrronium 9 mcg/beclometasone 172 mcg (delivered dose)","ddd":"4 UD (=4 doses inhal aer)"}	GLOBAL	2026.10
A	alias.product.227	product.who.r03al09.trimbow.227	Trimbow	BRAND	ev.who.atc.combinations	GLOBAL	2026.10
N	product.who.r03al11.breztri_trixeo.228	product	atc.R03AL11	Breztri /Trixeo	WHO 2026 combination/product reference for ATC R03AL11	{"atc":"R03AL11","brand":"Breztri /Trixeo","dosageForm":"Inhal aer","ingredients":"formoterol 5 mcg/ glycopyrronium bromide 9 mcg (corresponds to 7.2 mcg glycopyrronium)/budesonide 160 mg","ddd":"4 UD (=4 doses inhal. aerosol)"}	GLOBAL	2026.10
A	alias.product.228	product.who.r03al11.breztri_trixeo.228	Breztri /Trixeo	BRAND	ev.who.atc.combinations	GLOBAL	2026.10
N	product.who.r03al12.enerzair_breezhaler.229	product	atc.R03AL12	Enerzair Breezhaler	WHO 2026 combination/product reference for ATC R03AL12	{"atc":"R03AL12","brand":"Enerzair Breezhaler","dosageForm":"inhal powd","ingredients":"indacaterol 114 mcg/glycopyrronium bromide 46 mcg / mometasone 136 mcg","ddd":"1 UD (=1 dose inhal powd)"}	GLOBAL	2026.10
A	alias.product.229	product.who.r03al12.enerzair_breezhaler.229	Enerzair Breezhaler	BRAND	ev.who.atc.combinations	GLOBAL	2026.10
N	product.who.r06aa59.xonvea.230	product	atc.R06AA59	Xonvea	WHO 2026 combination/product reference for ATC R06AA59	{"atc":"R06AA59","brand":"Xonvea","dosageForm":"enterotab","ingredients":"doxylamine 10 mg/pyridoxine (vit B6) 10 mg","ddd":"2 UD (= 2 tab)"}	GLOBAL	2026.10
A	alias.product.230	product.who.r06aa59.xonvea.230	Xonvea	BRAND	ev.who.atc.combinations	GLOBAL	2026.10
N	product.who.r06aa59.embagyn.231	product	atc.R06AA59	Embagyn	WHO 2026 combination/product reference for ATC R06AA59	{"atc":"R06AA59","brand":"Embagyn","dosageForm":"modified-release tab","ingredients":"doxylamine 20 mg/pyridoxine (vit B6) 20 mg","ddd":"1 UD (=1 tab)"}	GLOBAL	2026.10
A	alias.product.231	product.who.r06aa59.embagyn.231	Embagyn	BRAND	ev.who.atc.combinations	GLOBAL	2026.10
N	product.who.r07ax30.orkambi.232	product	atc.R07AX30	Orkambi	WHO 2026 combination/product reference for ATC R07AX30	{"atc":"R07AX30","brand":"Orkambi","dosageForm":"tab","ingredients":"ivacaftor 125 mg/lumacaftor 200 mg","ddd":"4 UD (=4 tab)"}	GLOBAL	2026.10
A	alias.product.232	product.who.r07ax30.orkambi.232	Orkambi	BRAND	ev.who.atc.combinations	GLOBAL	2026.10
N	product.who.r07ax30.orkambi.233	product	atc.R07AX30	Orkambi	WHO 2026 combination/product reference for ATC R07AX30	{"atc":"R07AX30","brand":"Orkambi","dosageForm":"tab","ingredients":"ivacaftor 125 mg/lumacaftor 100 mg","ddd":"4 UD (=4 tab)"}	GLOBAL	2026.10
A	alias.product.233	product.who.r07ax30.orkambi.233	Orkambi	BRAND	ev.who.atc.combinations	GLOBAL	2026.10
N	product.who.r07ax30.orkambi.234	product	atc.R07AX30	Orkambi	WHO 2026 combination/product reference for ATC R07AX30	{"atc":"R07AX30","brand":"Orkambi","dosageForm":"granules, single dose sachets","ingredients":"ivacaftor 125 mg/lumacaftor 100 mg","ddd":"4 UD (=4 sachets)"}	GLOBAL	2026.10
A	alias.product.234	product.who.r07ax30.orkambi.234	Orkambi	BRAND	ev.who.atc.combinations	GLOBAL	2026.10
N	product.who.r07ax30.orkambi.235	product	atc.R07AX30	Orkambi	WHO 2026 combination/product reference for ATC R07AX30	{"atc":"R07AX30","brand":"Orkambi","dosageForm":"granules, single dose sachets","ingredients":"ivacaftor 188 mg/lumacaftor 150 mg","ddd":"3 UD (=3 sachets)"}	GLOBAL	2026.10
A	alias.product.235	product.who.r07ax30.orkambi.235	Orkambi	BRAND	ev.who.atc.combinations	GLOBAL	2026.10
N	product.who.r07ax30.orkambi.236	product	atc.R07AX30	Orkambi	WHO 2026 combination/product reference for ATC R07AX30	{"atc":"R07AX30","brand":"Orkambi","dosageForm":"granules, single dose sachets","ingredients":"ivacaftor 94 mg/lumacaftor 75 mg","ddd":"6 UD (=6 sachets)"}	GLOBAL	2026.10
A	alias.product.236	product.who.r07ax30.orkambi.236	Orkambi	BRAND	ev.who.atc.combinations	GLOBAL	2026.10
N	product.who.r07ax31.symkevi.237	product	atc.R07AX31	Symkevi	WHO 2026 combination/product reference for ATC R07AX31	{"atc":"R07AX31","brand":"Symkevi","dosageForm":"tab","ingredients":"ivacaftor 75 mg/tezacaftor 50 mg","ddd":"2 UD (=2 tab)"}	GLOBAL	2026.10
A	alias.product.237	product.who.r07ax31.symkevi.237	Symkevi	BRAND	ev.who.atc.combinations	GLOBAL	2026.10
N	product.who.r07ax31.symkevi.238	product	atc.R07AX31	Symkevi	WHO 2026 combination/product reference for ATC R07AX31	{"atc":"R07AX31","brand":"Symkevi","dosageForm":"tab","ingredients":"ivacaftor 150 mg/tezacaftor 100 mg","ddd":"1 UD (=1 tab)"}	GLOBAL	2026.10
A	alias.product.238	product.who.r07ax31.symkevi.238	Symkevi	BRAND	ev.who.atc.combinations	GLOBAL	2026.10
N	product.who.r07ax32.kaftrio.239	product	atc.R07AX32	Kaftrio	WHO 2026 combination/product reference for ATC R07AX32	{"atc":"R07AX32","brand":"Kaftrio","dosageForm":"tab","ingredients":"ivacaftor 75 mg/tezacaftor 50 mg/elexacaftor 100 mg","ddd":"2 UD (=2 tab)"}	GLOBAL	2026.10
A	alias.product.239	product.who.r07ax32.kaftrio.239	Kaftrio	BRAND	ev.who.atc.combinations	GLOBAL	2026.10
N	product.who.r07ax32.kaftrio.240	product	atc.R07AX32	Kaftrio	WHO 2026 combination/product reference for ATC R07AX32	{"atc":"R07AX32","brand":"Kaftrio","dosageForm":"tab","ingredients":"ivacaftor 37.5 mg/tezacaftor 25 mg/elexacaftor 50 mg","ddd":"4 UD (=4 tab)"}	GLOBAL	2026.10
A	alias.product.240	product.who.r07ax32.kaftrio.240	Kaftrio	BRAND	ev.who.atc.combinations	GLOBAL	2026.10
N	product.who.r07ax32.kaftrio.241	product	atc.R07AX32	Kaftrio	WHO 2026 combination/product reference for ATC R07AX32	{"atc":"R07AX32","brand":"Kaftrio","dosageForm":"granules, single dose sachets","ingredients":"ivacaftor 60 mg/tezacaftor 40 mg/elexacaftor 80 mg","ddd":"2 UD (=2 sachets)"}	GLOBAL	2026.10
A	alias.product.241	product.who.r07ax32.kaftrio.241	Kaftrio	BRAND	ev.who.atc.combinations	GLOBAL	2026.10
N	product.who.r07ax32.kaftrio.242	product	atc.R07AX32	Kaftrio	WHO 2026 combination/product reference for ATC R07AX32	{"atc":"R07AX32","brand":"Kaftrio","dosageForm":"granules, single dose sachets","ingredients":"ivacaftor 75 mg/tezacaftor 50 mg/elexacaftor 100 mg","ddd":"2 UD (=2 sachets)"}	GLOBAL	2026.10
A	alias.product.242	product.who.r07ax32.kaftrio.242	Kaftrio	BRAND	ev.who.atc.combinations	GLOBAL	2026.10
N	product.who.v03ae04.osvaren.243	product	atc.V03AE04	Osvaren	WHO 2026 combination/product reference for ATC V03AE04	{"atc":"V03AE04","brand":"Osvaren","dosageForm":"tab","ingredients":"calcium acetate 435 mg/magnesium carbonate235 mg","ddd":"6 UD (=6 tab)"}	GLOBAL	2026.10
A	alias.product.243	product.who.v03ae04.osvaren.243	Osvaren	BRAND	ev.who.atc.combinations	GLOBAL	2026.10
